FightingGame,Disabled,TileSetPrefix,BannerSWF,BannerExportName,Island,Music,GroundSCW,EnvironmentSCW,MaskedEnvironmentSCW,CampaignGroundSCW,Blocking1SCW,Blocking1Mesh,Blocking1AngleStep,Blocking2SCW,Blocking2Mesh,Blocking2AngleStep,Blocking3SCW,Blocking3Mesh,Blocking3AngleStep,Blocking4SCW,Blocking4Mesh,Blocking4AngleStep,RespawningWallSCW,RespawningWallMesh,RespawningWallAngleStep,RespawningForestSCW,ForestSCW,DestructableSCW,DestructableMesh,DestructableAngleStep,DestructableSCW_CN,DestructableMesh_CN,DestructableAngleStep_CN,FragileSCW,FragileMesh,FragileAngleStep,FragileSCW_CN,FragileMesh_CN,FragileAngleStep_CN,WaterTileSCW,FenceSCW,RopeFenceSCW,RoadSCW,IndestructibleFenceSCW,IndestructibleSCW,IndestructibleMesh,IndestructibleDeco1SCW,IndestructibleDeco1Mesh,IndestructibleDeco1AngleStep,IndestructibleDeco2SCW,IndestructibleDeco2Mesh,IndestructibleDeco2AngleStep,IndestructibleDeco3SCW,IndestructibleDeco3Mesh,IndestructibleDeco3AngleStep,IndestructibleDeco4SCW,IndestructibleDeco4Mesh,IndestructibleDeco4AngleStep,GroundFillerSCW,LaserBallSkinOverride,MineGemSpawnSCWOverride,LootBoxSkinOverride,SafeSkinOverride,SafeCharacterOverride,ShowdownBoostSCWOverride,MapPreviewBGColorRed,MapPreviewBGColorGreen,MapPreviewBGColorBlue,MapPreviewSkyColorRed,MapPreviewSkyColorGreen,MapPreviewSkyColorBlue,MapPreviewGemGrabSpawnHoleExportName,MapPreviewBallExportName,MapPreviewGoal1ExportName,MapPreviewGoal2ExportName,MapPreviewSafeExportName,MapPreviewCNOverrides,MapWidth,MapHeight
string,boolean,string,string,string,boolean,string,string,string,string,string,string,string,int,string,string,int,string,string,int,string,string,int,string,string,int,string,string,string,string,int,string,string,int,string,string,int,string,string,int,string,string,string,string,string,string,string,string,string,int,string,string,int,string,string,int,string,string,int,string,string,string,string,string,string,string,int,int,int,int,int,int,string,string,string,string,string,string,int,int
Snowy,,snowy_,sc/events.sc,event_snow_banner,,Snow_brawl,sc3d/bgr_snowy_ground.scw,sc3d/bgr_snowy.scw,,,sc3d/ice_cube1.scw,ice_cube_1,90,sc3d/crystal1_xmas.scw,,90,sc3d/crate_xmas.scw,crate_xmas,0,sc3d/barrel_xmas.scw,barrel_xmas,1,sc3d/spruce_snowy.scw,spruce_snowy,1,sc3d/grass4.scw,sc3d/grass4.scw,sc3d/candy_cane_small.scw,,1,,,,sc3d/present_pile_xmas.scw,present_pile_xmas,1,,,,sc3d/water_tile_snowy.scw,sc3d/wooden_fence.scw,sc3d/generic_rope_fence.scw,sc3d/dummy_street_tile.scw,sc3d/wooden_fence.scw,sc3d/ice_cube1.scw,ice_cube_1,,,,,,,,,,,,,,,sc3d/mine_gem_spawn_ice.scw,,,,,47,162,255,69,136,255,snowy_spawn_hole,icon_hud_brawl_ball,brawl_ball_goal_red,brawl_ball_goal_blue,heist_safe,,21,33
,,,,,,,,,,,,,,,,,,,,,,,,,,,,,,,,,,,,,,,,,,,,,,,,,,,,,,,,,,,,,,,,,,,,,,,,,,,,,,,
Retropolis,,retropolis_,sc/events.sc,event_retropolis_banner,,Retropolis_battle,sc3d/bgr_retropolis_ground.scw,sc3d/bgr_retropolis.scw,,,sc3d/rock_retropolis_1.scw,rock_retropolis_1,90,sc3d/car_tires.scw,,90,sc3d/crate2.scw,crate_1,0,sc3d/barrel2.scw,barrel_2,1,sc3d/potted_plant_1.scw,potted_plant_1,1,sc3d/grass5.scw,sc3d/grass5.scw,sc3d/plant_retropolis_small.scw,plant_retropolis,1,,,,sc3d/traffic_cone.scw,traffic_cone,1,,,,sc3d/water_tile_retropolis.scw,sc3d/retropolis_fence.scw,sc3d/generic_rope_fence.scw,,sc3d/retropolis_fence.scw,sc3d/indestructible_metal_1.scw,,,,,,,,,,,,,,,,sc3d/mine_gem_spawn_retropolis.scw,,,,,90,66,111,69,136,255,retropolis_spawn_hole,icon_hud_brawl_ball,brawl_ball_goal_red,brawl_ball_goal_blue,heist_safe,,21,33
,,,,,,,,,,,,,,,,,,,,,,,sc3d/potted_plant_1.scw,potted_plant_1b,1,,,,,,,,,,,,,,,,,,,,,,,,,,,,,,,,,,,,,,,,,,,,,,,,,,,,,,
OldTown,,town_,sc/events.sc,event_town_banner,,BattleMusic,sc3d/bgr_old_town_ground.scw,sc3d/bgr_old_town.scw,,,sc3d/rock_town_1.scw,rock_town_1,90,sc3d/rock_town_1.scw,rock_town_1,90,sc3d/crate1.scw,crate_1,0,sc3d/barrel1.scw,barrel_1,1,sc3d/potted_plant_1.scw,potted_plant_1,1,sc3d/grass_town.scw,sc3d/grass_town.scw,sc3d/bone_single.scw,bone_single,1,sc3d/plant_town_small.scw,,1,sc3d/bone_pile.scw,bone_pile,1,sc3d/traffic_cone.scw,traffic_cone,1,sc3d/water_tile_town.scw,sc3d/wooden_fence_town.scw,sc3d/giftshop_rope_fence.scw,,sc3d/wooden_fence_town.scw,sc3d/indestructible_metal_1.scw,,,,,,,,,,,,,,,,sc3d/mine_gem_spawn_town.scw,,,,,148,90,115,69,136,255,town_spawn_hole,icon_hud_brawl_ball,brawl_ball_goal_red,brawl_ball_goal_blue,heist_safe,fragile_mid_1>retropolis_fragile_mid_1;destructable_mid_1>retropolis_fragile_mid_1,21,33
,,,,,,,,,,,,,,,,,,,,,,,sc3d/potted_plant_1.scw,potted_plant_1b,1,,,sc3d/bone_ribs.scw,bone_ribs,1,,,,,,,,,,,,,,,,,,,,,,,,,,,,,,,,,,,,,,,,,,,,,,,,,
,,,,,,,,,,,,,,,,,,,,,,,,,,,,sc3d/bone_skull.scw,bone_pile_002,0,,,,,,,,,,,,,,,,,,,,,,,,,,,,,,,,,,,,,,,,,,,,,,,,,
OldTownLNY,,town_,sc/events.sc,event_cny_banner,,Cny_levels,sc3d/bgr_old_town_ground.scw,sc3d/bgr_old_town.scw,,,sc3d/rock_town_1.scw,rock_town_1,90,sc3d/rock_town_1.scw,rock_town_1,90,sc3d/crate1.scw,crate_1,0,sc3d/barrel1.scw,barrel_1,1,sc3d/potted_plant_1.scw,potted_plant_1,1,sc3d/grass_town.scw,sc3d/grass_town.scw,sc3d/bone_single.scw,bone_single,1,sc3d/plant_town_small.scw,,1,sc3d/bone_pile.scw,bone_pile,1,sc3d/traffic_cone.scw,traffic_cone,1,sc3d/water_tile_town.scw,sc3d/wooden_fence_town.scw,sc3d/giftshop_rope_fence.scw,,sc3d/wooden_fence_town.scw,sc3d/indestructible_metal_1.scw,,,,,,,,,,,,,,,,sc3d/mine_gem_spawn_town.scw,,,,,148,90,115,69,136,255,town_spawn_hole,icon_hud_brawl_ball,brawl_ball_goal_red,brawl_ball_goal_blue,heist_safe,fragile_mid_1>retropolis_fragile_mid_1;destructable_mid_1>retropolis_fragile_mid_1,21,33
,,,,,,,,sc3d/bgr_old_town_decos_lny.scw,,,,,,,,,,,,,,,sc3d/potted_plant_1.scw,potted_plant_1b,1,,,sc3d/bone_ribs.scw,bone_ribs,1,,,,,,,,,,,,,,,,,,,,,,,,,,,,,,,,,,,,,,,,,,,,,,,,,
,,,,,,,,,,,,,,,,,,,,,,,,,,,,sc3d/bone_skull.scw,bone_pile_002,0,,,,,,,,,,,,,,,,,,,,,,,,,,,,,,,,,,,,,,,,,,,,,,,,,
OldTownTutorial,,town_,sc/events.sc,event_gemmine_banner,,BattleMusic,sc3d/bgr_tutorial_ground.scw,sc3d/bgr_tutorial.scw,,,sc3d/rock_town_1.scw,rock_town_1,90,sc3d/rock_town_1.scw,rock_town_1,90,sc3d/crate1.scw,crate_1,0,sc3d/barrel1.scw,barrel_1,1,sc3d/potted_plant_1.scw,potted_plant_1,1,sc3d/grass_town.scw,sc3d/grass_town.scw,sc3d/bone_single.scw,bone_single,1,sc3d/plant_town_small.scw,,1,sc3d/bone_pile.scw,bone_pile,1,sc3d/traffic_cone.scw,traffic_cone,1,sc3d/water_tile_town.scw,sc3d/wooden_fence_town.scw,sc3d/generic_rope_fence.scw,,sc3d/wooden_fence_town.scw,sc3d/indestructible_metal_1.scw,,,,,,,,,,,,,,,,sc3d/mine_gem_spawn_town.scw,,,,,148,90,115,69,136,255,town_spawn_hole,icon_hud_brawl_ball,brawl_ball_goal_red,brawl_ball_goal_blue,heist_safe,fragile_mid_1>retropolis_fragile_mid_1;destructable_mid_1>retropolis_fragile_mid_1,17,33
,,,,,,,,,,,,,,,,,,,,,,,sc3d/potted_plant_1.scw,potted_plant_1b,1,,,sc3d/bone_ribs.scw,bone_ribs,1,,,,,,,,,,,,,,,,,,,,,,,,,,,,,,,,,,,,,,,,,,,,,,,,,
,,,,,,,,,,,,,,,,,,,,,,,,,,,,sc3d/bone_skull.scw,bone_pile_002,0,,,,,,,,,,,,,,,,,,,,,,,,,,,,,,,,,,,,,,,,,,,,,,,,,
Mine,,mine_,sc/events.sc,event_gemmine_banner,,BattleMusic,sc3d/bgr_mine_ground.scw,sc3d/bgr_mine.scw,,,sc3d/rock1.scw,Rock_1,90,sc3d/crystal1.scw,,90,sc3d/crate1.scw,crate_1,0,sc3d/barrel1.scw,barrel_1,1,sc3d/mushroom_1.scw,mushroom_1,1,sc3d/grass1.scw,sc3d/grass1.scw,sc3d/mushroom_1_small.scw,,1,,,,sc3d/bone_pile.scw,bone_pile,1,sc3d/fragile_mushroom.scw,fragile_mushroom,1,sc3d/water_tile_mine.scw,sc3d/wooden_fence.scw,sc3d/mine_rope_fence.scw,sc3d/payload_track.scw,sc3d/wooden_fence.scw,sc3d/indestructible_metal_1.scw,,,,,,,,,,,,,,,,,,,,,96,68,84,69,136,255,spawn_hole,icon_hud_brawl_ball,brawl_ball_goal_red,brawl_ball_goal_blue,heist_safe,fragile_mid_1>fragile_mushroom;destructable_mid_1>fragile_mushroom,21,33
,,,,,,,,,,,sc3d/rock1.scw,Rock_1b,90,,,,,,,,,,,,,,,,,,,,,,,,,,,,,,,,,,,,,,,,,,,,,,,,,,,,,,,,,,,,,,,,,,
,,,,,,,,,,,,,,,,,,,,,,,,,,,,,,,,,,,,,,,,,,,,,,,,,,,,,,,,,,,,,,,,,,,,,,,,,,,,,,,
MineTrainTracks,,mine_,sc/events.sc,event_gemmine_banner,,BattleMusic,sc3d/bgr_mine_ground_tracks_1.scw,sc3d/bgr_mine_tracks_1.scw,,,sc3d/rock1.scw,Rock_1,90,sc3d/crystal1.scw,,90,sc3d/crate1.scw,crate_1,0,sc3d/barrel1.scw,barrel_1,1,sc3d/mushroom_1.scw,mushroom_1,1,sc3d/grass1.scw,sc3d/grass1.scw,sc3d/mushroom_1_small.scw,,1,,,,sc3d/bone_pile.scw,bone_pile,1,sc3d/fragile_mushroom.scw,fragile_mushroom,1,sc3d/water_tile_mine.scw,sc3d/wooden_fence.scw,sc3d/mine_rope_fence.scw,,sc3d/wooden_fence.scw,sc3d/indestructible_metal_1.scw,,,,,,,,,,,,,,,,,,,,,96,68,84,69,136,255,spawn_hole,icon_hud_brawl_ball,brawl_ball_goal_red,brawl_ball_goal_blue,heist_safe,fragile_mid_1>fragile_mushroom;destructable_mid_1>fragile_mushroom,21,33
,,,,,,,,sc3d/bgr_mine_tracks_1_lights.scw,,,sc3d/rock1.scw,Rock_1b,90,,,,,,,,,,,,,,,,,,,,,,,,,,,,,,,,,,,,,,,,,,,,,,,,,,,,,,,,,,,,,,,,,,
,,,,,,,,sc3d/bgr_mine_tracks_1_boom_l_top.scw,,,,,,,,,,,,,,,,,,,,,,,,,,,,,,,,,,,,,,,,,,,,,,,,,,,,,,,,,,,,,,,,,,,,,,,
,,,,,,,,sc3d/bgr_mine_tracks_1_boom_l_bot.scw,,,,,,,,,,,,,,,,,,,,,,,,,,,,,,,,,,,,,,,,,,,,,,,,,,,,,,,,,,,,,,,,,,,,,,,
,,,,,,,,sc3d/bgr_mine_tracks_1_boom_r_top.scw,,,,,,,,,,,,,,,,,,,,,,,,,,,,,,,,,,,,,,,,,,,,,,,,,,,,,,,,,,,,,,,,,,,,,,,
,,,,,,,,sc3d/bgr_mine_tracks_1_boom_r_bot.scw,,,,,,,,,,,,,,,,,,,,,,,,,,,,,,,,,,,,,,,,,,,,,,,,,,,,,,,,,,,,,,,,,,,,,,,
Warehouse,,town_,sc/events.sc,event_robowars_banner,,BattleMusic,sc3d/bgr_warehouse_ground.scw,sc3d/bgr_warehouse.scw,,,sc3d/rock_town_1.scw,rock_town_1,90,sc3d/rock_town_1.scw,rock_town_1,90,sc3d/crate1.scw,crate_1,0,sc3d/barrel1.scw,barrel_1,1,sc3d/potted_plant_1.scw,potted_plant_1,1,sc3d/grass_town.scw,sc3d/grass_town.scw,sc3d/bone_single.scw,bone_single,1,sc3d/plant_town_small.scw,,1,sc3d/bone_pile.scw,bone_pile,1,sc3d/traffic_cone.scw,traffic_cone,1,sc3d/water_tile_town.scw,sc3d/wooden_fence_town.scw,sc3d/generic_rope_fence.scw,,sc3d/wooden_fence_town.scw,sc3d/indestructible_metal_1.scw,,,,,,,,,,,,,,,,,,,,,148,90,115,69,136,255,town_spawn_hole,icon_hud_brawl_ball,brawl_ball_goal_red,brawl_ball_goal_blue,heist_safe,fragile_mid_1>retropolis_fragile_mid_1;destructable_mid_1>retropolis_fragile_mid_1,27,39
,,,,,,,,,,,,,,,,,,,,,,,sc3d/potted_plant_1.scw,potted_plant_1b,1,,,sc3d/bone_ribs.scw,bone_ribs,1,,,,,,,,,,,,,,,,,,,,,,,,,,,,,,,,,,,,,,,,,,,,,,,,,
,,,,,,,,,,,,,,,,,,,,,,,,,,,,sc3d/bone_skull.scw,bone_pile_002,0,,,,,,,,,,,,,,,,,,,,,,,,,,,,,,,,,,,,,,,,,,,,,,,,,
Oasis,,oasis_,sc/events.sc,event_oasis_banner,,BattleMusic,sc3d/bgr_jungle_ground.scw,sc3d/bgr_jungle.scw,,,sc3d/rock2.scw,Rock_2,90,sc3d/stone_ruin_1.scw,stone_ruin_1,90,sc3d/crate1.scw,crate_1,0,sc3d/barrel1.scw,barrel_1,1,sc3d/ball_cactus.scw,ball_cactus,1,sc3d/grass2.scw,sc3d/grass2.scw,sc3d/plant_1_small.scw,,1,,,,sc3d/vase_1.scw,vase_1,1,,,,sc3d/water_tile.scw,sc3d/wooden_fence.scw,sc3d/generic_rope_fence.scw,,sc3d/wooden_fence.scw,sc3d/indestructible_metal_1.scw,,,,,,,,,,,,,,,,,,,,,234,180,119,69,136,255,spawn_hole,icon_hud_brawl_ball,brawl_ball_goal_red,brawl_ball_goal_blue,heist_safe,,21,33
,,,,,,,,,,,sc3d/rock2.scw,Rock_2b,90,,,,,,,,,,,,,,,,,,,,,,,,,,,,,,,,,,,,,,,,,,,,,,,,,,,,,,,,,,,,,,,,,,
,,,,,,,,,,,,,,,,,,,,,,,,,,,,,,,,,,,,,,,,,,,,,,,,,,,,,,,,,,,,,,,,,,,,,,,,,,,,,,21,33
OasisBeach,,oasis_,sc/events.sc,event_beach_banner,,BattleMusic,sc3d/bgr_beach_ground.scw,sc3d/bgr_beach.scw,,,sc3d/rock2.scw,Rock_2,90,sc3d/stone_ruin_1.scw,stone_ruin_1,90,sc3d/crate1.scw,crate_1,0,sc3d/barrel1.scw,barrel_1,1,sc3d/ball_cactus.scw,ball_cactus,1,sc3d/grass2.scw,sc3d/grass2.scw,sc3d/plant_1_small.scw,,1,,,,sc3d/vase_1.scw,vase_1,1,,,,sc3d/water_tile.scw,sc3d/wooden_fence.scw,sc3d/generic_rope_fence.scw,,sc3d/wooden_fence.scw,sc3d/indestructible_metal_1.scw,,,,,,,,,,,,,,,,,,,,,234,180,119,69,136,255,spawn_hole,icon_hud_brawl_ball,brawl_ball_goal_red,brawl_ball_goal_blue,heist_safe,,,
,,,,,,,,,,,sc3d/rock2.scw,Rock_2b,90,,,,,,,,,,,,,,,,,,,,,,,,,,,,,,,,,,,,,,,,,,,,,,,,,,,,,,,,,,,,,,,,,21,33
,,,,,,,,,,,,,,,,,,,,,,,,,,,,,,,,,,,,,,,,,,,,,,,,,,,,,,,,,,,,,,,,,,,,,,,,,,,,,,,
Mortuary,,mortuary_,sc/events.sc,event_mortuary_banner,,Halloween_ingame,sc3d/bgr_mortuary_ground.scw,sc3d/bgr_mortuary.scw,,,sc3d/rock_mortuary_1.scw,rock_mortuary,90,sc3d/tombstones_1.scw,tombstone_1,0,sc3d/crate_mortuary.scw,crate_1,0,sc3d/barrel_mortuary.scw,barrel_1,1,sc3d/mortuary_tree_stump.scw,mortuary_tree_stump,1,sc3d/grass6.scw,sc3d/grass6.scw,sc3d/bone_single_mortuary.scw,bone_single,1,sc3d/plant_1_small_mine.scw,,1,sc3d/candles_1.scw,candles1,0,,,,sc3d/water_tile_mortuary.scw,sc3d/mortuary_fence.scw,sc3d/mortuary_rope_fence.scw,,sc3d/mortuary_fence.scw,sc3d/indestructible_metal_1.scw,,,,,,,,,,,,,,,,sc3d/mine_gem_spawn_mortuary.scw,,,,,74,52,82,69,136,255,mortuary_spawn_hole,icon_hud_brawl_ball,brawl_ball_goal_red,brawl_ball_goal_blue,heist_safe,fragile_mid_1>oasis_fragile_mid_1;destructable_mid_1>oasis_fragile_mid_1,21,33
,,,,,,,,,,,,,,sc3d/tombstones_1.scw,tombstone_2,0,sc3d/crate_mortuary.scw,crate_1b,0,sc3d/barrel_mortuary.scw,barrel_1b,1,sc3d/mortuary_tree_stump.scw,mortuary_tree_stump,1,,,sc3d/bone_ribs_mortuary.scw,bone_ribs,1,,,,,,,,,,,,,,,,,,,,,,,,,,,,,,,,,,,,,,,,,,,,,,,,,
,,,,,,,,,,,,,,sc3d/tombstones_1.scw,tombstone_3,0,sc3d/crate_mortuary.scw,crate_1c,0,sc3d/barrel_mortuary.scw,barrel_1c,1,sc3d/mortuary_tree_stump.scw,mortuary_tree_stump,1,,,sc3d/bone_skull_mortuary.scw,bone_pile_002,0,,,,,,,,,,,,,,,,,,,,,,,,,,,,,,,,,,,,,,,,,,,,,,,,,
,,,,,,,,,,,,,,sc3d/tombstones_1.scw,tombstone_4,0,sc3d/crate_mortuary.scw,crate_1d,0,,,,sc3d/mortuary_tree_stump.scw,mortuary_tree_stump,1,,,,,,,,,,,,,,,,,,,,,,,,,,,,,,,,,,,,,,,,,,,,,,,,,,,,,,
,,,,,,,,,,,,,,sc3d/tombstones_1.scw,tombstone_5,0,sc3d/crate_mortuary.scw,crate_1e,0,,,,sc3d/mortuary_tree_stump.scw,mortuary_tree_stump_2,0,,,,,,,,,,,,,,,,,,,,,,,,,,,,,,,,,,,,,,,,,,,,,,,,,,,,,,
,,,,,,,,,,,,,,,,,,,,,,,,,,,,,,,,,,,,,,,,,,,,,,,,,,,,,,,,,,,,,,,,,,,,,,,,,,,,,,,
MortuaryHW,,mortuary_,sc/events.sc,event_mortuary_banner,,Halloween_ingame,sc3d/bgr_mortuary_ground.scw,sc3d/bgr_mortuary.scw+sc3d/bgr_mortuary_decos_hw.scw,,,sc3d/rock_mortuary_1.scw,rock_mortuary,90,sc3d/tombstones_1.scw,tombstone_1,0,sc3d/crate_mortuary.scw,crate_1,0,sc3d/barrel_mortuary.scw,barrel_1,1,sc3d/mortuary_tree_stump.scw,mortuary_tree_stump,1,sc3d/grass6.scw,sc3d/grass6.scw,sc3d/bone_single_mortuary.scw,bone_single,1,sc3d/plant_1_small_mine.scw,,1,sc3d/candles_1.scw,candles1,0,,,,sc3d/water_tile_mortuary.scw,sc3d/mortuary_fence.scw,sc3d/mortuary_rope_fence.scw,,sc3d/mortuary_fence.scw,sc3d/indestructible_metal_1.scw,,,,,,,,,,,,,,,,sc3d/mine_gem_spawn_mortuary.scw,,,,,74,52,82,69,136,255,mortuary_spawn_hole,icon_hud_brawl_ball,brawl_ball_goal_red,brawl_ball_goal_blue,heist_safe,fragile_mid_1>oasis_fragile_mid_1;destructable_mid_1>oasis_fragile_mid_1,21,33
,,,,,,,,,,,,,,sc3d/tombstones_1.scw,tombstone_2,0,sc3d/crate_mortuary.scw,crate_1b,0,sc3d/barrel_mortuary.scw,barrel_1b,1,sc3d/mortuary_tree_stump.scw,mortuary_tree_stump,1,,,sc3d/bone_ribs_mortuary.scw,bone_ribs,1,,,,,,,,,,,,,,,,,,,,,,,,,,,,,,,,,,,,,,,,,,,,,,,,,
,,,,,,,,,,,,,,sc3d/tombstones_1.scw,tombstone_3,0,sc3d/crate_mortuary.scw,crate_1c,0,sc3d/barrel_mortuary.scw,barrel_1c,1,sc3d/mortuary_tree_stump.scw,mortuary_tree_stump,1,,,sc3d/bone_skull_mortuary.scw,bone_pile_002,0,,,,,,,,,,,,,,,,,,,,,,,,,,,,,,,,,,,,,,,,,,,,,,,,,
,,,,,,,,,,,,,,sc3d/tombstones_1.scw,tombstone_4,0,sc3d/crate_mortuary.scw,crate_1d,0,,,,sc3d/mortuary_tree_stump.scw,mortuary_tree_stump,1,,,,,,,,,,,,,,,,,,,,,,,,,,,,,,,,,,,,,,,,,,,,,,,,,,,,,,
,,,,,,,,,,,,,,sc3d/tombstones_1.scw,tombstone_5,0,sc3d/crate_mortuary.scw,crate_1e,0,,,,sc3d/mortuary_tree_stump.scw,mortuary_tree_stump_2,0,,,,,,,,,,,,,,,,,,,,,,,,,,,,,,,,,,,,,,,,,,,,,,,,,,,,,,
,,,,,,,,,,,,,,,,,,,,,,,,,,,,,,,,,,,,,,,,,,,,,,,,,,,,,,,,,,,,,,,,,,,,,,,,,,,,,,,
MortuaryShowdown,,mortuary_,sc/events.sc,event_mortuary_showdown_banner,,Halloween_ingame,sc3d/bgr_mortuary_showdown_ground.scw,sc3d/bgr_mortuary_showdown.scw,,,sc3d/rock_mortuary_1.scw,rock_mortuary,90,sc3d/tombstones_1.scw,tombstone_1,0,sc3d/crate_mortuary.scw,crate_1,0,sc3d/barrel_mortuary.scw,barrel_1,1,sc3d/mortuary_tree_stump.scw,mortuary_tree_stump,1,sc3d/grass6.scw,sc3d/grass6.scw,sc3d/bone_single_mortuary.scw,bone_single,1,sc3d/plant_1_small_mine.scw,,1,sc3d/candles_1.scw,candles1,0,,,,sc3d/water_tile_mortuary.scw,sc3d/mortuary_fence.scw,sc3d/mortuary_rope_fence.scw,,sc3d/mortuary_fence.scw,sc3d/indestructible_metal_1.scw,,,,,,,,,,,,,,,,,,,,,74,52,82,69,136,255,mortuary_spawn_hole,icon_hud_brawl_ball,brawl_ball_goal_red,brawl_ball_goal_blue,heist_safe,fragile_mid_1>oasis_fragile_mid_1;destructable_mid_1>oasis_fragile_mid_1,60,60
,,,,,,,,,,,,,,sc3d/tombstones_1.scw,tombstone_2,0,sc3d/crate_mortuary.scw,crate_1b,0,sc3d/barrel_mortuary.scw,barrel_1b,1,sc3d/mortuary_tree_stump.scw,mortuary_tree_stump,1,,,sc3d/bone_ribs_mortuary.scw,bone_ribs,1,,,,,,,,,,,,,,,,,,,,,,,,,,,,,,,,,,,,,,,,,,,,,,,,,
,,,,,,,,,,,,,,sc3d/tombstones_1.scw,tombstone_3,0,sc3d/crate_mortuary.scw,crate_1c,0,sc3d/barrel_mortuary.scw,barrel_1c,1,sc3d/mortuary_tree_stump.scw,mortuary_tree_stump,1,,,sc3d/bone_skull_mortuary.scw,bone_pile_002,0,,,,,,,,,,,,,,,,,,,,,,,,,,,,,,,,,,,,,,,,,,,,,,,,,
,,,,,,,,,,,,,,sc3d/tombstones_1.scw,tombstone_4,0,sc3d/crate_mortuary.scw,crate_1d,0,,,,sc3d/mortuary_tree_stump.scw,mortuary_tree_stump,1,,,,,,,,,,,,,,,,,,,,,,,,,,,,,,,,,,,,,,,,,,,,,,,,,,,,,,
,,,,,,,,,,,,,,sc3d/tombstones_1.scw,tombstone_5,0,sc3d/crate_mortuary.scw,crate_1e,0,,,,sc3d/mortuary_tree_stump.scw,mortuary_tree_stump_2,0,,,,,,,,,,,,,,,,,,,,,,,,,,,,,,,,,,,,,,,,,,,,,,,,,,,,,,
,,,,,,,,,,,,,,,,,,,,,,,,,,,,,,,,,,,,,,,,,,,,,,,,,,,,,,,,,,,,,,,,,,,,,,,,,,,,,,,
MortuaryShowdownHW,,mortuary_,sc/events.sc,event_mortuary_showdown_banner,,Halloween_ingame,sc3d/bgr_mortuary_showdown_ground.scw,sc3d/bgr_mortuary_showdown.scw+sc3d/bgr_mortuary_showdown_decos_hw.scw,,,sc3d/rock_mortuary_1.scw,rock_mortuary,90,sc3d/tombstones_1.scw,tombstone_1,0,sc3d/crate_mortuary.scw,crate_1,0,sc3d/barrel_mortuary.scw,barrel_1,1,sc3d/mortuary_tree_stump.scw,mortuary_tree_stump,1,sc3d/grass6.scw,sc3d/grass6.scw,sc3d/bone_single_mortuary.scw,bone_single,1,sc3d/plant_1_small_mine.scw,,1,sc3d/candles_1.scw,candles1,0,,,,sc3d/water_tile_mortuary.scw,sc3d/mortuary_fence.scw,sc3d/mortuary_rope_fence.scw,,sc3d/mortuary_fence.scw,sc3d/indestructible_metal_1.scw,,,,,,,,,,,,,,,,,,,,,74,52,82,69,136,255,mortuary_spawn_hole,icon_hud_brawl_ball,brawl_ball_goal_red,brawl_ball_goal_blue,heist_safe,fragile_mid_1>oasis_fragile_mid_1;destructable_mid_1>oasis_fragile_mid_1,60,60
,,,,,,,,,,,,,,sc3d/tombstones_1.scw,tombstone_2,0,sc3d/crate_mortuary.scw,crate_1b,0,sc3d/barrel_mortuary.scw,barrel_1b,1,sc3d/mortuary_tree_stump.scw,mortuary_tree_stump,1,,,sc3d/bone_ribs_mortuary.scw,bone_ribs,1,,,,,,,,,,,,,,,,,,,,,,,,,,,,,,,,,,,,,,,,,,,,,,,,,
,,,,,,,,,,,,,,sc3d/tombstones_1.scw,tombstone_3,0,sc3d/crate_mortuary.scw,crate_1c,0,sc3d/barrel_mortuary.scw,barrel_1c,1,sc3d/mortuary_tree_stump.scw,mortuary_tree_stump,1,,,sc3d/bone_skull_mortuary.scw,bone_pile_002,0,,,,,,,,,,,,,,,,,,,,,,,,,,,,,,,,,,,,,,,,,,,,,,,,,
,,,,,,,,,,,,,,sc3d/tombstones_1.scw,tombstone_4,0,sc3d/crate_mortuary.scw,crate_1d,0,,,,sc3d/mortuary_tree_stump.scw,mortuary_tree_stump,1,,,,,,,,,,,,,,,,,,,,,,,,,,,,,,,,,,,,,,,,,,,,,,,,,,,,,,
,,,,,,,,,,,,,,sc3d/tombstones_1.scw,tombstone_5,0,sc3d/crate_mortuary.scw,crate_1e,0,,,,sc3d/mortuary_tree_stump.scw,mortuary_tree_stump_2,0,,,,,,,,,,,,,,,,,,,,,,,,,,,,,,,,,,,,,,,,,,,,,,,,,,,,,,
,,,,,,,,,,,,,,,,,,,,,,,,,,,,,,,,,,,,,,,,,,,,,,,,,,,,,,,,,,,,,,,,,,,,,,,,,,,,,,,
Grassfield,,grassfield_,sc/events.sc,event_brawlball_banner,,BattleMusic,sc3d/bgr_grassfield_ground.scw,sc3d/bgr_grassfield.scw,,,sc3d/rock2.scw,Rock_2,90,sc3d/rock2.scw,Rock_2,90,sc3d/crate1.scw,crate_1,0,sc3d/barrel1.scw,barrel_1,1,sc3d/ball_cactus.scw,ball_cactus,1,sc3d/grass2.scw,sc3d/grass2.scw,sc3d/bone_single.scw,bone_single,1,sc3d/plant_1_small.scw,,1,sc3d/bone_pile.scw,bone_pile,1,sc3d/vase_1.scw,vase_1,1,sc3d/water_tile.scw,sc3d/wooden_fence.scw,sc3d/generic_rope_fence.scw,,sc3d/wooden_fence.scw,sc3d/indestructible_metal_1.scw,,,,,,,,,,,,,,,,,,,,,60,150,87,15,150,223,spawn_hole,icon_hud_brawl_ball,brawl_ball_goal_red,brawl_ball_goal_blue,heist_safe,fragile_mid_1>oasis_fragile_mid_1;destructable_mid_1>oasis_fragile_mid_1,21,33
,,,,,,,,,,,sc3d/rock2.scw,Rock_2b,90,sc3d/rock2.scw,Rock_2b,90,,,,,,,,,,,,sc3d/bone_ribs.scw,bone_ribs,1,,,,,,,,,,,,,,,,,,,,,,,,,,,,,,,,,,,,,,,,,,,,,,,,,
,,,,,,,,,,,,,,,,,,,,,,,,,,,,sc3d/bone_skull.scw,bone_pile_002,0,,,,,,,,,,,,,,,,,,,,,,,,,,,,,,,,,,,,,,,,,,,,,,,,,
GrassfieldBeachBall,,grassfield_,sc/events.sc,event_beach_banner,,BattleMusic,sc3d/bgr_beach_brawl_ball_ground.scw,sc3d/bgr_beach_brawl_ball.scw,,,sc3d/rock2.scw,Rock_2,90,sc3d/rock2.scw,Rock_2,90,sc3d/crate1.scw,crate_1,0,sc3d/barrel1.scw,barrel_1,1,sc3d/ball_cactus.scw,ball_cactus,1,sc3d/grass2.scw,sc3d/grass2.scw,sc3d/bone_single.scw,bone_single,1,sc3d/plant_1_small.scw,,1,sc3d/bone_pile.scw,bone_pile,1,sc3d/vase_1.scw,vase_1,1,sc3d/water_tile.scw,sc3d/wooden_fence.scw,sc3d/generic_rope_fence.scw,,sc3d/wooden_fence.scw,sc3d/indestructible_metal_1.scw,,,,,,,,,,,,,,,BallBeach,,,,,,60,150,87,15,150,223,spawn_hole,icon_hud_brawl_ball,brawl_ball_goal_red,brawl_ball_goal_blue,heist_safe,fragile_mid_1>oasis_fragile_mid_1;destructable_mid_1>oasis_fragile_mid_1,21,33
,,,,,,,,,,,sc3d/rock2.scw,Rock_2b,90,sc3d/rock2.scw,Rock_2b,90,,,,,,,,,,,,sc3d/bone_ribs.scw,bone_ribs,1,,,,,,,,,,,,,,,,,,,,,,,,,,,,,,,,,,,,,,,,,,,,,,,,,
,,,,,,,,,,,,,,,,,,,,,,,,,,,,sc3d/bone_skull.scw,bone_pile_002,0,,,,,,,,,,,,,,,,,,,,,,,,,,,,,,,,,,,,,,,,,,,,,,,,,
Default,,,sc/events.sc,event_canyon_banner,,BattleMusic,sc3d/bgr_canyon_ground.scw,sc3d/bgr_canyon.scw,,,sc3d/rock2.scw,Rock_2,90,sc3d/rock2.scw,Rock_2,90,sc3d/crate1.scw,crate_1,0,sc3d/barrel1.scw,barrel_1,1,sc3d/ball_cactus.scw,ball_cactus,1,sc3d/grass2.scw,sc3d/grass3.scw,sc3d/bone_single.scw,bone_single,1,sc3d/plant_1_small_canyon.scw,,1,sc3d/bone_pile.scw,bone_pile,1,sc3d/fragile_cactus.scw,fragile_cactus_1,1,sc3d/water_tile.scw,sc3d/wooden_fence.scw,sc3d/canyon_rope_fence.scw,sc3d/payload_track.scw,sc3d/wooden_fence.scw,sc3d/indestructible_metal_1.scw,,,,,,,,,,,,,,,,,,,,,249,166,117,69,136,255,spawn_hole,icon_hud_brawl_ball,brawl_ball_goal_red,brawl_ball_goal_blue,heist_safe,fragile_mid_1>fragile_cactus;destructable_mid_1>fragile_cactus,21,33
,,,,,,,,,,,sc3d/rock2.scw,Rock_2b,90,sc3d/rock2.scw,Rock_2b,90,,,,,,,,,,,,sc3d/bone_ribs.scw,bone_ribs,1,,,,,,,sc3d/fragile_cactus.scw,fragile_cactus_2,1,,,,,,,,,,,,,,,,,,,,,,,,,,,,,,,,,,,,,,,,
,,,,,,,,,,,,,,,,,,,,,,,,,,,,sc3d/bone_skull.scw,bone_pile_002,0,,,,,,,sc3d/fragile_cactus.scw,fragile_cactus_3,1,,,,,,,,,,,,,,,,,,,,,,,,,,,,,,,,,,,,,,,,
DefaultShowdown,,,sc/events.sc,event_stormvalley_banner,,BattleMusic,sc3d/bgr_canyon_showdown_ground.scw,sc3d/bgr_canyon_showdown.scw,,,sc3d/rock2.scw,Rock_2,90,sc3d/rock2.scw,Rock_2,90,sc3d/crate1.scw,crate_1,0,sc3d/barrel1.scw,barrel_1,1,sc3d/ball_cactus.scw,ball_cactus,1,sc3d/grass2.scw,sc3d/grass3.scw,sc3d/bone_single.scw,bone_single,1,sc3d/plant_1_small_canyon.scw,,1,sc3d/bone_pile.scw,bone_pile,1,sc3d/fragile_cactus.scw,fragile_cactus_1,1,sc3d/water_tile.scw,sc3d/wooden_fence.scw,sc3d/canyon_rope_fence.scw,,sc3d/wooden_fence.scw,sc3d/indestructible_metal_1.scw,,,,,,,,,,,,,,,,,,,,,249,166,117,69,136,255,spawn_hole,icon_hud_brawl_ball,brawl_ball_goal_red,brawl_ball_goal_blue,heist_safe,fragile_mid_1>fragile_cactus;destructable_mid_1>fragile_cactus,60,60
,,,,,,,,,,,sc3d/rock2.scw,Rock_2b,90,sc3d/rock2.scw,Rock_2b,90,,,,,,,,,,,,sc3d/bone_ribs.scw,bone_ribs,1,,,,,,,sc3d/fragile_cactus.scw,fragile_cactus_2,1,,,,,,,,,,,,,,,,,,,,,,,,,,,,,,,,,,,,,,,,
,,,,,,,,,,,,,,,,,,,,,,,,,,,,sc3d/bone_skull.scw,bone_pile_002,0,,,,,,,sc3d/fragile_cactus.scw,fragile_cactus_3,1,,,,,,,,,,,,,,,,,,,,,,,,,,,,,,,,,,,,,,,,
IslandShowdown,,,sc/events.sc,event_stormvalley_banner,TRUE,BattleMusic,sc3d/bgr_island_showdown_ground.scw,,,,sc3d/rock2.scw,Rock_2,90,sc3d/rock2.scw,Rock_2,90,sc3d/crate1.scw,crate_1,0,sc3d/barrel1.scw,barrel_1,1,sc3d/ball_cactus.scw,ball_cactus,1,sc3d/grass2.scw,sc3d/grass3.scw,sc3d/bone_single.scw,bone_single,1,sc3d/plant_1_small_canyon.scw,,1,sc3d/bone_pile.scw,bone_pile,1,sc3d/fragile_cactus.scw,fragile_cactus_1,1,sc3d/water_tile.scw,sc3d/wooden_fence.scw,sc3d/canyon_rope_fence.scw,,sc3d/wooden_fence.scw,sc3d/indestructible_metal_1.scw,,,,,,,,,,,,,,,,,,,,,249,166,117,69,136,255,spawn_hole,icon_hud_brawl_ball,brawl_ball_goal_red,brawl_ball_goal_blue,heist_safe,fragile_mid_1>fragile_cactus;destructable_mid_1>fragile_cactus,60,60
,,,,,,,,,,,sc3d/rock2.scw,Rock_2b,90,sc3d/rock2.scw,Rock_2b,90,,,,,,,,,,,,sc3d/bone_ribs.scw,bone_ribs,1,,,,,,,sc3d/fragile_cactus.scw,fragile_cactus_2,1,,,,,,,,,,,,,,,,,,,,,,,,,,,,,,,,,,,,,,,,
,,,,,,,,,,,,,,,,,,,,,,,,,,,,sc3d/bone_skull.scw,bone_pile_002,0,,,,,,,sc3d/fragile_cactus.scw,fragile_cactus_3,1,,,,,,,,,,,,,,,,,,,,,,,,,,,,,,,,,,,,,,,,
DarrylsShip,,darryls_,sc/events.sc,event_pirates_banner,,Pirate_Brawl_Ingame,sc3d/bgr_darryls_ship_ground.scw,sc3d/bgr_darryls_ship.scw,sc3d/bgr_darryls_ship_hold.scw,,sc3d/cargo_block_1.scw,cargo_block_1,90,sc3d/pirate_chest.scw,,0,sc3d/crate1.scw,crate_1,0,sc3d/barrel1.scw,barrel_1,1,sc3d/barrel_fishy.scw,,1,sc3d/grass_seaweed.scw,sc3d/grass_seaweed.scw,sc3d/seaweed_small.scw,seaweed_deco_a,1,,,,sc3d/cannon_balls.scw,cannon_balls,1,,,,sc3d/water_tile_darryls_ship.scw,sc3d/wooden_fence_darryls_ship.scw,sc3d/darryls_ship_rope_fence.scw,sc3d/payload_track_darryls.scw,sc3d/wooden_fence_darryls_ship.scw,sc3d/indestructible_metal_1.scw,,,,,,,,,,,,,,,,sc3d/mine_gem_spawn_darryls_ship.scw,,,,,224,122,89,69,136,255,darryls_spawn_hole,icon_hud_brawl_ball,brawl_ball_goal_red,brawl_ball_goal_blue,heist_safe,,21,33
,,,,,,,,,,,sc3d/cargo_block_1.scw,cargo_block_1b,90,,,,,,,,,,,,,,,,seaweed_deco_b,1,,,,,,,,,,,,,,,,,,,,,,,,,,,,,,,,,,,,,,,,,,,,,,,,,
,,,,,,,,,,,,,,,,,,,,,,,,,,,,,,,,,,,,,,,,,,,,,,,,,,,,,,,,,,,,,,,,,,,,,,,,,,,,,,,
DarrylsXmas,,darryls_,sc/events.sc,event_pirates_banner,,Pirate_Brawl_Ingame,sc3d/bgr_darryls_ship_ground.scw,sc3d/bgr_darryls_ship.scw,sc3d/bgr_darryls_ship_hold.scw,,sc3d/cargo_block_1.scw,cargo_block_1,90,sc3d/pirate_chest.scw,,0,sc3d/crate_xmas.scw,crate_xmas,0,sc3d/barrel_xmas.scw,barrel_xmas,1,sc3d/barrel_fishy.scw,,1,sc3d/grass_seaweed.scw,sc3d/grass_seaweed.scw,sc3d/seaweed_small.scw,seaweed_deco_a,1,,,,sc3d/cannon_balls.scw,cannon_balls,1,,,,sc3d/water_tile_darryls_ship.scw,sc3d/wooden_fence_darryls_ship.scw,sc3d/generic_rope_fence.scw,,sc3d/wooden_fence_darryls_ship.scw,sc3d/indestructible_metal_1.scw,,,,,,,,,,,,,,,,sc3d/mine_gem_spawn_darryls_ship.scw,,,,,224,122,89,69,136,255,darryls_spawn_hole,icon_hud_brawl_ball,brawl_ball_goal_red,brawl_ball_goal_blue,heist_safe,,21,33
,,,,,,,,sc3d/bgr_darryls_ship_decos_xmas.scw,,,sc3d/cargo_block_1.scw,cargo_block_1b,90,,,,,,,,,,,,,,,,seaweed_deco_b,1,,,,,,,,,,,,,,,,,,,,,,,,,,,,,,,,,,,,,,,,,,,,,,,,,
,,,,,,,,,,,,,,,,,,,,,,,,,,,,,,,,,,,,,,,,,,,,,,,,,,,,,,,,,,,,,,,,,,,,,,,,,,,,,,,
Arcade,,arcade_,sc/events.sc,event_arcade_banner,,Brawlcade_Ingame,sc3d/bgr_arcade_ground.scw,sc3d/bgr_arcade.scw,,,sc3d/concrete_block.scw,concrete_block,90,sc3d/blocker_arcade.scw,blocker_arcade,0,sc3d/crate2.scw,crate_1,0,sc3d/barrel_arcade.scw,barrel_arcade,1,sc3d/construction_sign.scw,construction_sign,180,sc3d/grass7.scw,sc3d/grass7.scw,sc3d/pothole.scw,pothole,1,,,,sc3d/traffic_cone.scw,traffic_cone,1,,,,sc3d/water_tile_retropolis.scw,sc3d/fence_arcade.scw,sc3d/scrapyard_rope_fence.scw,sc3d/payload_track.scw,sc3d/fence_arcade.scw,sc3d/indestructible_metal_1.scw,,,,,,,,,,,,,,,,sc3d/mine_gem_spawn_retropolis.scw,,,,,50,44,79,69,136,255,retropolis_spawn_hole,icon_hud_brawl_ball,brawl_ball_goal_red,brawl_ball_goal_blue,heist_safe,,21,33
,,,,,,,,,,,,,,,,,,,,,,,,,,,,,,,,,,,,,,,,,,,,,,,,,,,,,,,,,,,,,,,,,,,,,,,,,,,,,,,
BBArena,,bbarena_,sc/events.sc,event_brawlball_arena_banner,,Footbrawl_ingame_muzak,sc3d/bgr_bb_arena_ground.scw,sc3d/bgr_bb_arena.scw+sc3d/bgr_bb_arena_decos_default.scw,,,sc3d/concrete_block.scw,concrete_block,90,sc3d/car_tires.scw,,90,sc3d/arena_blocker.scw,arena_blocker,90,sc3d/barrel2.scw,barrel_2,1,sc3d/potted_plant_1.scw,potted_plant_1,1,sc3d/grass2.scw,sc3d/grass2.scw,sc3d/plant_1_small.scw,,1,,,,sc3d/traffic_cone.scw,traffic_cone,1,,,,sc3d/water_tile.scw,sc3d/fence_arcade.scw,sc3d/generic_rope_fence.scw,,sc3d/fence_arcade.scw,sc3d/indestructible_metal_1.scw,,,,,,,,,,,,,,,BallArena,sc3d/mine_gem_spawn_retropolis.scw,,,,,60,150,87,69,136,255,retropolis_spawn_hole,icon_hud_brawl_ball_football,brawl_ball_goal_football_red,brawl_ball_goal_football_blue,heist_safe,,21,33
,,,,,,,,,,,,,,,,,,,,,,,sc3d/potted_plant_1.scw,potted_plant_1b,1,,,,,,,,,,,,,,,,,,,,,,,,,,,,,,,,,,,,,,,,,,,,,,,,,,,,,,
BBArenaPSG,,bbarena_,sc/events.sc,event_brawlball_arena_banner,,Footbrawl_ingame_muzak,sc3d/bgr_bb_arena_ground.scw+sc3d/bgr_bb_arena_ground_decos_psg.scw,sc3d/bgr_bb_arena.scw+sc3d/bgr_bb_arena_decos_psg.scw,,,sc3d/concrete_block.scw,concrete_block,90,sc3d/car_tires.scw,,90,sc3d/arena_blocker.scw,arena_blocker,90,sc3d/barrel2.scw,barrel_2,1,sc3d/potted_plant_1.scw,potted_plant_1,1,sc3d/grass2.scw,sc3d/grass2.scw,sc3d/plant_1_small.scw,,1,,,,sc3d/traffic_cone.scw,traffic_cone,1,,,,sc3d/water_tile.scw,sc3d/fence_arcade.scw,sc3d/generic_rope_fence.scw,,sc3d/fence_arcade.scw,sc3d/indestructible_metal_1.scw,,,,,,,,,,,,,,,BallArenaPSG,sc3d/mine_gem_spawn_retropolis.scw,,,,,60,150,87,69,136,255,retropolis_spawn_hole,icon_hud_brawl_ball_football,brawl_ball_goal_football_red,brawl_ball_goal_football_blue,heist_safe,,21,33
,,,,,,,,,,,,,,,,,,,,,,,,,,,,,,,,,,,,,,,,,,,,,,,,,,,,,,,,,,,,,,,,,,,,,,,,,,,,,,,
Bazaar,,bazaar_,sc/events.sc,event_bazaar_banner,,Brawzaar_ingame_muzak,sc3d/bgr_bazaar_ground.scw,sc3d/bgr_bazaar.scw,,,sc3d/rock_bazaar_1.scw,rock_bazaar,180,sc3d/rock_bazaar_2.scw,rock_bazaar_2,180,sc3d/cargo_block_2.scw,cargo_block_2,90,sc3d/bazaar_basket.scw,basket,1,sc3d/vase_big.scw,vase_big,90,sc3d/grass8.scw,sc3d/grass8.scw,sc3d/plant_1_small.scw,,1,,,,sc3d/vase_1.scw,vase_1,1,,,,sc3d/water_tile_bazaar.scw,sc3d/fence_bazaar.scw,sc3d/bazaar_rope_fence.scw,,sc3d/fence_bazaar.scw,sc3d/indestructible_metal_1.scw,,,,,,,,,,,,,,,,sc3d/mine_gem_spawn_bazaar.scw,,,,,186,92,85,148,187,255,bazaar_spawn_hole,icon_hud_brawl_ball,brawl_ball_goal_red,brawl_ball_goal_blue,heist_safe,,21,33
,,,,,,,,,,,sc3d/rock_bazaar_1.scw,rock_bazaar_b,180,,,,sc3d/cargo_block_2.scw,cargo_block_2b,90,,,,,,,,,,,,,,,,,,,,,,,,,,,,,,,,,,,,,,,,,,,,,,,,,,,,,,,,,,,,
Minicity,,minicity_,sc/events.sc,event_scity_banner,,Monsterbrawl_ingame_muzak,sc3d/bgr_minicity_ground.scw,sc3d/bgr_minicity.scw,,,sc3d/minicity_building_1.scw,minicity_building_1,90,sc3d/minicity_building_2.scw,,90,sc3d/crate_minicity.scw,crate_minicity,90,sc3d/barrel_minicity.scw,barrel_minicity,0,sc3d/minicity_containers.scw,,180,sc3d/grass_minicity.scw,sc3d/grass_minicity.scw,sc3d/minicity_deco_square.scw,,0,,,,sc3d/minicity_fragile.scw,,0,,,,sc3d/water_tile_minicity.scw,sc3d/fence_minicity.scw,sc3d/minicity_rope_fence.scw,sc3d/minicity_street_tiles.scw,sc3d/fence_minicity.scw,sc3d/indestructible_metal_1.scw,,,,,,,,,,,,,,,,sc3d/mine_gem_spawn_minicity.scw,,,,,60,61,87,69,136,255,minicity_spawn_hole,icon_hud_brawl_ball,brawl_ball_goal_red,brawl_ball_goal_blue,minicity_heist_safe,,21,33
,,,,,,,,,,,sc3d/minicity_building_1.scw,minicity_building_1b,90,,,,,,,,,,,,,,,,,,,,,,,,,,,,,,,,,,,,,,,,,,,,,,,,,,,,,,,,,,,,,,,,,,
,,,,,,,,,,,,,,,,,,,,,,,,,,,,,,,,,,,,,,,,,,,,,,,,,,,,,,,,,,,,,,,,,,,,,,,,,,,,,,,
GiftShop,,giftshop_,sc/events.sc,event_giftshop_banner,,Giftshop_Level_Music,sc3d/bgr_giftshop_ground.scw,sc3d/bgr_giftshop.scw,,,sc3d/giftshop_wall.scw,giftshop_wall,90,sc3d/bargain_bin.scw,bargain_bin_1,90,sc3d/cardboard_box.scw,cardboard_box,90,sc3d/barrel1.scw,barrel_1,1,sc3d/tv_set.scw,tv_set,0,sc3d/grass_giftshop.scw,sc3d/grass_giftshop.scw,sc3d/giftshop_clutter.scw,clutter_1,1,,,1,sc3d/fragile_balloon.scw,,1,,,1,sc3d/water_tile_town.scw,sc3d/fence_giftshop.scw,sc3d/giftshop_rope_fence.scw,,sc3d/fence_giftshop.scw,sc3d/indestructible_metal_1.scw,,,,,,,,,,,,,,,,sc3d/mine_gem_spawn_giftshop.scw,,,,,133,70,86,69,136,255,giftshop_spawn_hole,icon_hud_brawl_ball,brawl_ball_goal_red,brawl_ball_goal_blue,heist_safe,,21,33
,,,,,,,,,,,,,,sc3d/bargain_bin.scw,bargain_bin_2,90,sc3d/cardboard_box.scw,cardboard_box,90,,,,,,,,,sc3d/giftshop_clutter.scw,clutter_2,1,,,,,,,,,,,,,,,,,,,,,,,,,,,,,,,,,,,,,,,,,,,,,,,,,
,,,,,,,,,,,,,,sc3d/bargain_bin.scw,bargain_bin_3,90,sc3d/cardboard_box.scw,cardboard_box,90,,,,,,,,,sc3d/giftshop_clutter.scw,clutter_3,1,,,,,,,,,,,,,,,,,,,,,,,,,,,,,,,,,,,,,,,,,,,,,,,,,
,,,,,,,,,,,,,,sc3d/bargain_bin.scw,bargain_bin_4,90,sc3d/cardboard_box.scw,cardboard_box,90,,,,,,,,,sc3d/giftshop_clutter.scw,clutter_4,1,,,,,,,,,,,,,,,,,,,,,,,,,,,,,,,,,,,,,,,,,,,,,,,,,
,,,,,,,,,,,,,,,,,sc3d/cardboard_box.scw,cardboard_box_2,90,,,,,,,,,,,,,,,,,,,,,,,,,,,,,,,,,,,,,,,,,,,,,,,,,,,,,,,,,,,,
,,,,,,,,,,,,,,,,,sc3d/cardboard_box.scw,cardboard_box_3,90,,,,,,,,,,,,,,,,,,,,,,,,,,,,,,,,,,,,,,,,,,,,,,,,,,,,,,,,,,,,
BandStand,,bandstand_,sc/events.sc,event_pocostand_banner,,Poco_Band_Ingame,sc3d/bgr_bandstand_ground.scw,sc3d/bgr_bandstand.scw,,,sc3d/rock_bandstand_1.scw,rock_bandstand,90,sc3d/rock_bandstand_2.scw,rock_bandstand_2,90,sc3d/crate_bandstand.scw,crate_1,0,sc3d/barrel1_dark.scw,barrel_1,1,sc3d/ball_cactus.scw,ball_cactus,1,sc3d/grass8.scw,sc3d/grass8.scw,sc3d/plant_1_small.scw,,1,,,,sc3d/vase_1.scw,vase_1,1,,,,sc3d/water_tile_bandstand.scw,sc3d/fence_bandstand.scw,sc3d/bandstand_rope_fence.scw,,sc3d/fence_bandstand.scw,sc3d/indestructible_metal_1.scw,,,,,,,,,,,,,,,,sc3d/mine_gem_spawn_bazaar.scw,,,,,247,148,100,69,136,255,bazaar_spawn_hole,icon_hud_brawl_ball,brawl_ball_goal_red,brawl_ball_goal_blue,heist_safe,,21,33
,,,,,,,,,,,sc3d/rock_bandstand_1.scw,rock_bandstand_b,90,sc3d/rock_bandstand_2.scw,rock_bandstand_2_b,90,,,,,,,,,,,,,,,,,,,,,,,,,,,,,,,,,,,,,,,,,,,,,,,,,,,,,,,,,,,,,,,
,,,,,,,,,,,,,,,,,,,,,,,,,,,,,,,,,,,,,,,,,,,,,,,,,,,,,,,,,,,,,,,,,,,,,,,,,,,,,,,
BandStandHW,,bandstand_,sc/events.sc,event_pocostand_banner,,Poco_Band_Ingame,sc3d/bgr_bandstand_ground.scw,sc3d/bgr_bandstand.scw+sc3d/bgr_bandstand_decos_hw.scw,,,sc3d/rock_bandstand_1.scw,rock_bandstand,90,sc3d/rock_bandstand_2.scw,rock_bandstand_2,90,sc3d/crate_bandstand.scw,crate_1,0,sc3d/barrel1_dark.scw,barrel_1,1,sc3d/ball_cactus.scw,ball_cactus,1,sc3d/grass8.scw,sc3d/grass8.scw,sc3d/plant_1_small.scw,,1,,,,sc3d/vase_1.scw,vase_1,1,,,,sc3d/water_tile_bandstand.scw,sc3d/fence_bandstand.scw,sc3d/bandstand_rope_fence.scw,,sc3d/fence_bandstand.scw,sc3d/indestructible_metal_1.scw,,,,,,,,,,,,,,,,sc3d/mine_gem_spawn_bazaar.scw,,,,,247,148,100,69,136,255,bazaar_spawn_hole,icon_hud_brawl_ball,brawl_ball_goal_red,brawl_ball_goal_blue,heist_safe,,21,33
,,,,,,,,,,,sc3d/rock_bandstand_1.scw,rock_bandstand_b,90,sc3d/rock_bandstand_2.scw,rock_bandstand_2_b,90,,,,,,,,,,,,,,,,,,,,,,,,,,,,,,,,,,,,,,,,,,,,,,,,,,,,,,,,,,,,,,,
,,,,,,,,,,,,,,,,,,,,,,,,,,,,,,,,,,,,,,,,,,,,,,,,,,,,,,,,,,,,,,,,,,,,,,,,,,,,,,,
SnowtelXmas,,snowtel_,sc/events.sc,event_snowtel_banner,,Snowtel_Ingame,sc3d/bgr_snowtel_ground.glb,sc3d/bgr_snowtel.glb+sc3d/bgr_snowtel_decos_xmas.glb,,,sc3d/snowtel_rock.glb,rock_snowtel,90,sc3d/snowtel_blocking2.glb,rock_snowtel_2,90,sc3d/snowtel_crate_xmas.glb,crate_xmas,0,sc3d/snowtel_barrel_xmas.glb,barrel_xmas,1,sc3d/snowtel_green.glb,tree_fir_small,1,sc3d/snowtel_grass.glb,sc3d/snowtel_grass.glb,sc3d/snowtel_deco.glb,,1,,,,sc3d/snowtel_fragile.glb,snow_lantern,0,,,,sc3d/snowtel_water_tile.glb,sc3d/snowtel_fence.glb,sc3d/snowtel_rope_fence.glb,,sc3d/snowtel_fence.glb,sc3d/indestructible_metal_1.glb,,,,,,,,,,,,,,,,sc3d/snowtel_mine_gem_spawn.glb,,,,,50,70,115,69,136,255,retropolis_spawn_hole,icon_hud_brawl_ball,brawl_ball_goal_red,brawl_ball_goal_blue,heist_safe,,21,33
,,,,,,,,,,,sc3d/snowtel_rock.glb,rock_snowtel_b,90,,,,,,,,,,,,,,,,,,,,,,,,,,,,,,,,,,,,,,,,,,,,,,,,,,,,,,,,,,,,,,,,,,
Snowtel,,snowtel_,sc/events.sc,event_snowtel_banner,,Snowtel_Ingame,sc3d/bgr_snowtel_ground.glb,sc3d/bgr_snowtel.glb,,,sc3d/snowtel_rock.glb,rock_snowtel,90,sc3d/snowtel_blocking2.glb,rock_snowtel_2,90,sc3d/snowtel_crate.glb,crate_1,0,sc3d/snowtel_barrel.glb,barrel_1,1,sc3d/snowtel_green.glb,tree_fir_small,1,sc3d/snowtel_grass.glb,sc3d/snowtel_grass.glb,sc3d/snowtel_deco.glb,,1,,,,sc3d/snowtel_fragile.glb,snow_lantern,0,,,,sc3d/snowtel_water_tile.glb,sc3d/snowtel_fence.glb,sc3d/snowtel_rope_fence.glb,,sc3d/snowtel_fence.glb,sc3d/indestructible_metal_1.glb,,,,,,,,,,,,,,,,sc3d/snowtel_mine_gem_spawn.glb,,,,,50,70,115,69,136,255,retropolis_spawn_hole,icon_hud_brawl_ball,brawl_ball_goal_red,brawl_ball_goal_blue,heist_safe,,21,33
,,,,,,,,,,,sc3d/snowtel_rock.glb,rock_snowtel_b,90,,,,,,,,,,,,,,,,,,,,,,,,,,,,,,,,,,,,,,,,,,,,,,,,,,,,,,,,,,,,,,,,,,
Scrapyard,,scrapyard_,sc/events.sc,event_robowars_banner,,Scrapyard_ingame_music,sc3d/bgr_scrapyard_ground.scw,sc3d/bgr_scrapyard.scw,,,sc3d/scrap_pile.scw,scrap_pile,90,sc3d/concrete_block.scw,concrete_block,90,sc3d/crate2.scw,crate_1,0,sc3d/barrel2.scw,barrel_2,1,sc3d/car_tires.scw,,90,sc3d/grass5.scw,sc3d/grass5.scw,sc3d/scrap_deco.scw,scrap_deco_a,1,,,,sc3d/traffic_cone.scw,traffic_cone,1,,,,sc3d/water_tile_mortuary.scw,sc3d/fence_scrapyard.scw,sc3d/scrapyard_rope_fence.scw,,sc3d/fence_scrapyard.scw,sc3d/indestructible_metal_1.scw,,,,,,,,,,,,,,,,sc3d/mine_gem_spawn_retropolis.scw,,,,,48,42,79,7,26,60,retropolis_spawn_hole,icon_hud_brawl_ball,brawl_ball_goal_red,brawl_ball_goal_blue,heist_safe,,27,39
,,,,,,,,,,,,,,,,,,,,,,,,,,,,sc3d/scrap_deco.scw,scrap_deco_b,1,,,,,,,,,,,,,,,,,,,,,,,,,,,,,,,,,,,,,,,,,,,,,,,,,
,,,,,,,,,,,,,,,,,,,,,,,,,,,,sc3d/scrap_deco.scw,scrap_deco_c,1,,,,,,,,,,,,,,,,,,,,,,,,,,,,,,,,,,,,,,,,,,,,,,,,,
,,,,,,,,,,,,,,,,,,,,,,,,,,,,,,,,,,,,,,,,,,,,,,,,,,,,,,,,,,,,,,,,,,,,,,,,,,,,,,,
StarrForce,,starrforce_,sc/events.sc,event_starr_force_banner,,Space_Brawl_Ingame,sc3d/bgr_starr_force_ground.scw,sc3d/bgr_starr_force.scw,sc3d/bgr_starr_force_hold.scw,,sc3d/wall_starr_force_1.scw,wall_starr_force_1,90,sc3d/wall_starr_force_1.scw,wall_starr_force_2,90,sc3d/crate_starr_force.scw,crate_starr_force,90,sc3d/barrel_starr_force.scw,barrel_starr_force,1,sc3d/computer_starr_force.scw,computer,0,sc3d/grass_spaceweed.scw,sc3d/grass_spaceweed.scw,sc3d/deco_light_starr_force.scw,,0,,,,sc3d/fragile_starr_force.scw,,90,,,,sc3d/water_tile_starr_force.scw,sc3d/fence_starr_force.scw,sc3d/scrapyard_rope_fence.scw,,sc3d/fence_starr_force.scw,sc3d/indestructible_metal_1.scw,,,,,,,,,,,,,,,,sc3d/mine_gem_spawn_starr_force.scw,,,,,28,57,99,69,136,255,starrforce_spawn_hole,icon_hud_brawl_ball,brawl_ball_goal_red,brawl_ball_goal_blue,heist_safe,,21,33
,,,,,,,,,,,,,,,,,,,,,,,,,,,,,,,,,,,,,,,,,,,,,,,,,,,,,,,,,,,,,,,,,,,,,,,,,,,,,,,
ActionShow,,actionshow_,sc/events.sc,event_actionshow_banner,,Action_Western_Ingame,sc3d/bgr_action_show_ground.scw,sc3d/bgr_action_show.scw,,,sc3d/hay_bale.scw,hay_bale,90,sc3d/hay_bale.scw,hay_bale,90,sc3d/crate1.scw,crate_1,0,sc3d/barrel1.scw,barrel_1,1,sc3d/ball_cactus.scw,ball_cactus,1,sc3d/grass3.scw,sc3d/grass3.scw,sc3d/bone_single.scw,bone_single,1,sc3d/plant_1_small_canyon.scw,,1,sc3d/fragile_cactus.scw,fragile_cactus_1,1,,,,sc3d/water_tile.scw,sc3d/wooden_fence.scw,sc3d/canyon_rope_fence.scw,,sc3d/wooden_fence.scw,sc3d/indestructible_metal_1.scw,,,,,,,,,,,,,,,,,,,,,249,166,117,148,187,255,spawn_hole,icon_hud_brawl_ball,brawl_ball_goal_red,brawl_ball_goal_blue,heist_safe,,21,33
,,,,,,,,,,,sc3d/hay_bale.scw,hay_bale_b,90,sc3d/hay_bale.scw,hay_bale_b,90,,,,,,,,,,,,sc3d/bone_ribs.scw,bone_ribs,1,,,,sc3d/fragile_cactus.scw,fragile_cactus_2,1,,,,,,,,,,,,,,,,,,,,,,,,,,,,,,,,,,,,,,,,,,,
,,,,,,,,,,,,,,,,,,,,,,,,,,,,,,,,,,,,,,,,,,,,,,,,,,,,,,,,,,,,,,,,,,,,,,,,,,,,,,,
WaterPark,,waterpark_,sc/events.sc,event_velocirapids_banner,,Summer_Brawl_Ingame_Music,sc3d/bgr_waterpark_ground.scw,sc3d/bgr_waterpark.scw,,,sc3d/rock_waterpark.scw,rock_waterpark,90,sc3d/inflatable_blocker.scw,inflatable_blocker,90,sc3d/crate_bandstand.scw,crate_1,0,sc3d/barrel2_waterpark.scw,barrel_2,1,sc3d/surfboard.scw,surfboard,0,sc3d/grass9.scw,sc3d/grass9.scw,sc3d/plant_1_small_waterpark.scw,,1,,,1,sc3d/fragile_bucket.scw,fragile_bucket,1,,,,sc3d/water_tile_waterpark.scw,sc3d/fence_waterpark.scw,sc3d/waterpark_rope_fence.scw,,sc3d/fence_waterpark.scw,sc3d/indestructible_metal_1.scw,,,,,,,,,,,,,,,,sc3d/mine_gem_spawn_town.scw,,,,,254,171,198,69,136,255,town_spawn_hole,icon_hud_brawl_ball,brawl_ball_goal_red,brawl_ball_goal_blue,heist_safe,,21,33
,,,,,,,,,,,,,,,,,,,,,,,sc3d/surfboard.scw,surfboard_b,0,,,,,1,,,,,,,,,,,,,,,,,,,,,,,,,,,,,,,,,,,,,,,,,,,,,,,,,
,,,,,,,,,,,,,,,,,,,,,,,,,,,,,,,,,,,,,,,,,,,,,,,,,,,,,,,,,,,,,,,,,,,,,,,,,,,,,,21,33
ArcadeBasket,,arcade_,sc/events.sc,event_arcade_banner,,Brawlcade_Ingame,sc3d/bgr_arcade_ground.scw+sc3d/basketball_line.scw,sc3d/bgr_arcade.scw+sc3d/basketball_fence.scw,,,sc3d/concrete_block.scw,concrete_block,90,sc3d/blocker_arcade.scw,blocker_arcade,0,sc3d/crate2.scw,crate_1,0,sc3d/barrel_arcade.scw,barrel_arcade,1,sc3d/construction_sign.scw,construction_sign,180,sc3d/grass7.scw,sc3d/grass7.scw,sc3d/pothole.scw,pothole,1,,,,sc3d/traffic_cone.scw,traffic_cone,1,,,,sc3d/water_tile_retropolis.scw,sc3d/fence_arcade.scw,sc3d/scrapyard_rope_fence.scw,,sc3d/fence_arcade.scw,sc3d/indestructible_metal_1.scw,,,,,,,,,,,,,,,,sc3d/mine_gem_spawn_retropolis.scw,,,,,50,44,79,69,136,255,retropolis_spawn_hole,icon_hud_brawl_ball,brawl_ball_goal_red,brawl_ball_goal_blue,heist_safe,,21,33
,,,,,,,,,,,,,,,,,,,,,,,,,,,,,,,,,,,,,,,,,,,,,,,,,,,,,,,,,,,,,,,,,,,,,,,,,,,,,,,
BBArenaVolley,,bbarena_,sc/events.sc,event_brawlball_arena_banner,,Footbrawl_ingame_muzak,sc3d/bgr_bb_arena_ground.scw+sc3d/bgr_bb_arena_ground_decos_volley.scw,sc3d/bgr_bb_arena.scw+sc3d/bgr_bb_arena_decos_default.scw+sc3d/volleyball_fence.scw,,,sc3d/concrete_block.scw,concrete_block,90,sc3d/car_tires.scw,,90,sc3d/arena_blocker.scw,arena_blocker,90,sc3d/barrel2.scw,barrel_2,1,sc3d/potted_plant_1.scw,potted_plant_1,1,sc3d/grass2.scw,sc3d/grass2.scw,sc3d/plant_1_small.scw,,1,,,,sc3d/traffic_cone.scw,traffic_cone,1,,,,sc3d/water_tile.scw,sc3d/fence_arcade.scw,sc3d/generic_rope_fence.scw,,sc3d/fence_arcade.scw,sc3d/indestructible_metal_1.scw,,,,,,,,,,,,,,,BallArena,sc3d/mine_gem_spawn_retropolis.scw,,,,,60,150,87,69,136,255,retropolis_spawn_hole,icon_hud_brawl_ball_football,brawl_ball_goal_football_red,brawl_ball_goal_football_blue,heist_safe,,21,33
,,,,,,,,,,,,,,,,,,,,,,,sc3d/potted_plant_1.scw,potted_plant_1b,1,,,,,,,,,,,,,,,,,,,,,,,,,,,,,,,,,,,,,,,,,,,,,,,,,,,,,,
CastleCourtyard,,castlecourtyard_,sc/events.sc,event_fairytale_banner,,Courtyard_Ingame,sc3d/bgr_castle_courtyard_ground.scw,sc3d/bgr_castle_courtyard.scw+sc3d/bgr_castle_courtyard_decos_xmas.scw,,,sc3d/rock_castle_courtyard.scw,rock_1,90,sc3d/rock_castle_courtyard.scw,rock_1,90,sc3d/crate2.scw,crate_1,0,sc3d/barrel1_dark.scw,barrel_1,1,sc3d/potted_plant_castle_courtyard.scw,potted_plant_castle,90,sc3d/grass10.scw,sc3d/grass10.scw,sc3d/deco_castle_courtyard.scw,deco1,1,,,1,sc3d/fragile_castle_courtyard.scw,,90,,,1,sc3d/water_tile_castle_courtyard.scw,sc3d/fence_castle_courtyard.scw,sc3d/castle_courtyard_rope_fence.scw,,sc3d/fence_castle_courtyard.scw,sc3d/indestructible_metal_1.scw,,,,,,,,,,,,,,,,sc3d/mine_gem_spawn_castle_courtyard.scw,,,,,73,68,99,69,136,255,castle_courtyard_spawn_hole,icon_hud_brawl_ball,brawl_ball_goal_red,brawl_ball_goal_blue,heist_safe,,21,33
,,,,,,,,,,,,,,,,,,,,,,,,,,,,sc3d/deco_castle_courtyard.scw,deco2,1,,,,,,,,,,,,,,,,,,,,,,,,,,,,,,,,,,,,,,,,,,,,,,,,,
,,,,,,,,,,,,,,,,,,,,,,,,,,,,sc3d/deco_castle_courtyard.scw,deco3,1,,,,,,,,,,,,,,,,,,,,,,,,,,,,,,,,,,,,,,,,,,,,,,,,,
,,,,,,,,,,,,,,,,,,,,,,,,,,,,sc3d/deco_castle_courtyard.scw,deco4,1,,,,,,,,,,,,,,,,,,,,,,,,,,,,,,,,,,,,,,,,,,,,,,,,,
,,,,,,,,,,,,,,,,,,,,,,,,,,,,,,,,,,,,,,,,,,,,,,,,,,,,,,,,,,,,,,,,,,,,,,,,,,,,,,,
Brawlywood,,brawlywood_,sc/events.sc,event_brawlywood_banner,,Brawlywood_Ingame,sc3d/bgr_brawlywood_ground.scw,sc3d/bgr_brawlywood.scw,,,sc3d/rock_brawlywood.scw,rock_1,90,sc3d/rock_brawlywood.scw,rock_1,90,sc3d/crate_brawlywood.scw,crate_1,90,sc3d/film_reels.scw,film_reels,1,sc3d/potted_palm_tree.scw,potted_palm_1,90,sc3d/grass_town.scw,sc3d/grass_town.scw,sc3d/deco_brawlywood.scw,deco1,45,,,,sc3d/traffic_cone.scw,traffic_cone,1,,,,sc3d/water_tile_town.scw,sc3d/fence_brawlywood.scw,sc3d/brawlywood_rope_fence.scw,,sc3d/fence_brawlywood.scw,sc3d/indestructible_metal_1.scw,,,,,,,,,,,,,,,,sc3d/mine_gem_spawn_town.scw,,,,,175,116,135,69,136,255,town_spawn_hole,icon_hud_brawl_ball,brawl_ball_goal_red,brawl_ball_goal_blue,heist_safe,,21,33
,,,,,,,,,,,,,,,,,,,,,,,sc3d/potted_palm_tree.scw,potted_palm_1b,90,,,sc3d/deco_brawlywood.scw,deco2,45,,,,,,,,,,,,,,,,,,,,,,,,,,,,,,,,,,,,,,,,,,,,,,,,,
,,,,,,,,,,,,,,,,,,,,,,,,,,,,sc3d/deco_brawlywood.scw,deco3,45,,,,,,,,,,,,,,,,,,,,,,,,,,,,,,,,,,,,,,,,,,,,,,,,,
,,,,,,,,,,,,,,,,,,,,,,,,,,,,sc3d/deco_brawlywood.scw,deco4,45,,,,,,,,,,,,,,,,,,,,,,,,,,,,,,,,,,,,,,,,,,,,,,,,,
FightingGame,,fightinggame_,sc/events.sc,event_tigerpit_banner,,Retro_Fight_Ingame,sc3d/bgr_fighting_game_ground.glb,sc3d/bgr_fighting_game.glb,sc3d/bgr_fighting_game_hold.glb,,sc3d/fighting_game_rock.glb,rock_1,0,sc3d/fighting_game_rock.glb,rock_1b,0,sc3d/fighting_game_crate.glb,crate_1,0,sc3d/fighting_game_barrel.glb,barrel_1,90,sc3d/fighting_game_potted_tree.glb,potted_tree,90,sc3d/fighting_game_grass.glb,sc3d/fighting_game_grass.glb,sc3d/fighting_game_deco.glb,deco1,0,,,,sc3d/fighting_game_vase.glb,vase_1,90,,,,sc3d/fighting_game_water_tile.glb,sc3d/fighting_game_fence.glb,sc3d/fighting_game_rope_fence.glb,,sc3d/fighting_game_fence.glb,sc3d/indestructible_metal_1.glb,,,,,,,,,,,,,,,,sc3d/fighting_game_mine_gem_spawn.glb,,,SafeVoxel,,186,123,86,69,136,255,fightinggame_spawn_hole,icon_hud_brawl_ball,brawl_ball_goal_red,brawl_ball_goal_blue,fightinggame_heist_safe,,21,33
,,,,,,,,,,,,,,,,,,,,,,,,,,,,sc3d/fighting_game_deco.glb,deco2,0,,,,,,,,,,,,,,,,,,,,,,,,,,,,,,,,,,,,,,,,,,,,,,,,,
Biodome,,biodome_,sc/events.sc,event_biodome_banner,,Biodome_Ingame,sc3d/bgr_biodome_ground.scw,sc3d/bgr_biodome.scw,,,sc3d/blocking_biodome.scw,blocking_1,180,sc3d/blocking_biodome.scw,blocking_1b,180,sc3d/crate1.scw,crate_1,0,sc3d/barrel_biodome.scw,barrel_2,0,sc3d/biodome_eye_plant.scw,,30,sc3d/grass_spaceweed.scw,sc3d/grass_spaceweed.scw,sc3d/biodome_deco.scw,,1,,,,sc3d/fragile_biodome.scw,beahive,0,,,,sc3d/water_tile_biodome.scw,sc3d/fence_biodome.scw,sc3d/biodome_rope_fence.scw,sc3d/payload_track.scw,sc3d/fence_biodome.scw,sc3d/indestructible_metal_1.scw,,,,,,,,,,,,,,,,sc3d/mine_gem_spawn_biodome.scw,,,,,36,69,126,,,,biodome_spawn_hole,icon_hud_brawl_ball,brawl_ball_goal_red,brawl_ball_goal_blue,heist_safe,,21,33
StuntShow,,stuntshow_,sc/events.sc,event_stuntshow_banner,,Brawl_Enchanted_Forest_Ingame,sc3d/bgr_stunt_show_ground.scw,sc3d/bgr_stunt_show.scw,,,sc3d/rock_stunt_show.scw,rock_1,0,sc3d/rock_stunt_show.scw,rock_1b,0,sc3d/crate_stunt_show.scw,crate_1,0,sc3d/barrel_stunt_show.scw,barrel_1,72,sc3d/blocking_stunt_show.scw,blocking_1,90,sc3d/grass5.scw,sc3d/grass5.scw,sc3d/stunt_show_deco.scw,deco_screw,1,,,,sc3d/fragile_stunt_show.scw,fragile,0,,,,sc3d/water_tile_retropolis.scw,sc3d/fence_stunt_show.scw,sc3d/stunt_show_rope_fence.scw,,sc3d/fence_stunt_show.scw,sc3d/indestructible_metal_1.scw,,,,,,,,,,,,,,,,sc3d/mine_gem_spawn_stunt_show.scw,,,,,47,44,96,15,24,70,stuntshow_spawn_hole,icon_hud_pinball,brawl_ball_goal_stuntshow_red,brawl_ball_goal_stuntshow_blue,heist_safe,,21,33
,,,,,,,,,,,sc3d/rock_stunt_show.scw,rock_1_2,0,sc3d/rock_stunt_show.scw,rock_1b_2,0,,,,,,,,,,,,,,,,,,,,,,,,,,,,,,,,,,,,,,,,,,,,,,,,,,,,,,,,,,,,,,,
,,,,,,,,,,,sc3d/rock_stunt_show.scw,rock_1_3,0,sc3d/rock_stunt_show.scw,rock_1b_3,0,,,,,,,,,,,,,,,,,,,,,,,,,,,,,,,,,,,,,,,,,,,,,,,,,,,,,,,,,,,,,,,
StuntShowBB,,stuntshow_,sc/events.sc,event_stuntshow_banner,,Pinstuntbrawl_Ingame,sc3d/bgr_stunt_show_ground_bb.scw,sc3d/bgr_stunt_show.scw+sc3d/bgr_stunt_show_decos_bb.scw,,,sc3d/rock_stunt_show.scw,rock_1,0,sc3d/rock_stunt_show.scw,rock_1b,0,sc3d/crate_stunt_show.scw,crate_1,0,sc3d/barrel_stunt_show.scw,barrel_1,72,sc3d/blocking_stunt_show_bb.scw,,90,sc3d/grass5.scw,sc3d/grass5.scw,sc3d/stunt_show_deco.scw,deco_screw,1,,,,sc3d/fragile_stunt_show.scw,fragile,0,,,,sc3d/water_tile_retropolis.scw,sc3d/fence_stunt_show.scw,sc3d/stunt_show_rope_fence.scw,,sc3d/fence_stunt_show.scw,sc3d/indestructible_metal_1.scw,,,,,,,,,,,,,,,BallPinball,sc3d/mine_gem_spawn_stunt_show.scw,,,,,47,44,96,15,24,70,stuntshow_spawn_hole,icon_hud_pinball,brawl_ball_goal_stuntshow_red,brawl_ball_goal_stuntshow_blue,heist_safe,,21,33
,,,,,,,,,,,sc3d/rock_stunt_show.scw,rock_1_2,0,sc3d/rock_stunt_show.scw,rock_1b_2,0,,,,,,,,,,,,,,,,,,,,,,,,,,,,,,,,,,,,,,,,,,,,,,,,,,,,,,,,,,,,,,,
,,,,,,,,,,,sc3d/rock_stunt_show.scw,rock_1_3,0,sc3d/rock_stunt_show.scw,rock_1b_3,0,,,,,,,,,,,,,,,,,,,,,,,,,,,,,,,,,,,,,,,,,,,,,,,,,,,,,,,,,,,,,,,
DeepSea,,deepsea_,sc/events.sc,event_deepsea_banner,,Underwater_Braw_Ingame,sc3d/bgr_deepsea_ground.scw,sc3d/bgr_deepsea.scw,,,sc3d/deepsea_box_jellyfish.scw,jellyfish_1,90,sc3d/deepsea_anemone.scw,anemone,90,sc3d/crate_deepsea.scw,crate_1,0,sc3d/deepsea_barrel.scw,barrel_2,1,sc3d/deepsea_smoker.scw,,1,sc3d/grass_deep_seaweed.scw,sc3d/grass_deep_seaweed.scw,sc3d/deepsea_deco.scw,deco_bubbler,1,,,,sc3d/deepsea_fragile.scw,,1,,,,sc3d/water_tile_deepsea.scw,sc3d/fence_deepsea.scw,sc3d/deepsea_rope_fence.scw,,sc3d/fence_deepsea.scw,sc3d/indestructible_metal_1.scw,,,,,,,,,,,,,,,,sc3d/mine_gem_spawn_deepsea.scw,,,SafeDeepsea,,55,46,70,0,27,60,deepsea_spawn_hole,icon_hud_pinball,brawl_ball_goal_stuntshow_red,brawl_ball_goal_stuntshow_blue,deepsea_heist_safe,,21,33
,,,,,,,,,,,sc3d/deepsea_box_jellyfish.scw,jellyfish_1b,90,,,,,,,sc3d/deepsea_barrel.scw,barrel_2b,1,,,,,,sc3d/deepsea_deco_2.scw,deco_starfish,1,,,,,,,,,,,,,,,,,,,,,,,,,,,,,,,,,,,,,,,,,,,,,,,,,
RobotFactory,,robotfactory_,sc/events.sc,event_robotfactory_banner,,Robotfactory_Ingame,sc3d/bgr_robot_factory_ground.glb,sc3d/bgr_robot_factory.glb,sc3d/bgr_robot_factory_hold.glb,,sc3d/robot_factory_rock.glb,rock_1,180,sc3d/robot_factory_rock.glb,rock_2,180,sc3d/robot_factory_crate.glb,crate_1,0,sc3d/robot_factory_barrel.glb,barrel_2,1,sc3d/robot_factory_exhaust.glb,exhaust,180,sc3d/grass3.scw,sc3d/grass3.scw,sc3d/robot_factory_deco.glb,deco_1,1,,,1,sc3d/robot_factory_fragile.glb,fragile,0,,,,sc3d/robot_factory_water_tile.glb,sc3d/robot_factory_fence.glb,sc3d/robot_factory_rope_fence.glb,sc3d/robot_factory_payload_track.glb,sc3d/robot_factory_fence.glb,sc3d/indestructible_metal_1.scw,,,,,,,,,,,,,,,,sc3d/robot_factory_mine_gem_spawn.glb,,,,,127,53,83,25,25,50,robotfactory_spawn_hole,icon_hud_brawl_ball,brawl_ball_goal_red,brawl_ball_goal_blue,heist_safe,,21,33
,,,,,,,,,,,,rock_1b,180,,rock_2b,180,,,,,,,,,,,,sc3d/robot_factory_deco.glb,deco_2,1,,,,,,,,,,,,,,,,,,,,,,,,,,,,,,,,,,,,,,,,,,,,,,,,,
,,,,,,,,,,,,,,,,,,,,,,,,,,,,sc3d/robot_factory_deco.glb,deco_3,1,,,,,,,,,,,,,,,,,,,,,,,,,,,,,,,,,,,,,,,,,,,,,,,,,
RobotFactoryShowdown,,robotfactory_,sc/events.sc,event_robotfactory_banner,,Robotfactory_Ingame,sc3d/bgr_robot_factory_showdown_ground.glb,sc3d/bgr_robot_factory_showdown.glb,sc3d/bgr_robot_factory_showdown_hold.glb,,sc3d/robot_factory_rock.glb,rock_1,180,sc3d/robot_factory_rock.glb,rock_2,180,sc3d/robot_factory_crate.glb,crate_1,0,sc3d/robot_factory_barrel.glb,barrel_2,1,sc3d/robot_factory_exhaust.glb,exhaust,180,sc3d/grass3.scw,sc3d/grass3.scw,sc3d/robot_factory_deco.glb,deco_1,1,,,1,sc3d/robot_factory_fragile.glb,fragile,0,,,,sc3d/robot_factory_water_tile.glb,sc3d/robot_factory_fence.glb,sc3d/robot_factory_rope_fence.glb,,sc3d/robot_factory_fence.glb,sc3d/indestructible_metal_1.scw,,,,,,,,,,,,,,,,sc3d/robot_factory_mine_gem_spawn.glb,,,,,127,53,83,25,25,50,robotfactory_spawn_hole,icon_hud_brawl_ball,brawl_ball_goal_red,brawl_ball_goal_blue,heist_safe,,60,60
,,,,,,,,,,,sc3d/robot_factory_rock.glb,rock_1b,180,sc3d/robot_factory_rock.glb,rock_2b,180,,,,,,,,,,,,sc3d/robot_factory_deco.glb,deco_2,1,,,,,,,,,,,,,,,,,,,,,,,,,,,,,,,,,,,,,,,,,,,,,,,,,
,,,,,,,,,,,,,,,,,,,,,,,,,,,,sc3d/robot_factory_deco.glb,deco_3,1,,,,,,,,,,,,,,,,,,,,,,,,,,,,,,,,,,,,,,,,,,,,,,,,,
GhostMetro,,ghostmetro_,sc/events.sc,event_ghosttrain_banner,,Ghosttrain_Ingame,sc3d/bgr_ghost_metro_ground.scw,sc3d/bgr_ghost_metro.scw,,,sc3d/rock_ghost_metro.scw,rock,90,sc3d/rock_ghost_metro.scw,rock_2,90,sc3d/crate_mortuary.scw,crate_1,0,sc3d/barrel_mortuary.scw,barrel_1,1,sc3d/ghost_metro_ticket_machine.scw,ticket_machine,180,sc3d/grass11.scw,sc3d/grass11.scw,sc3d/deco_ghost_metro.scw,deco_1,1,,,1,sc3d/fragile_ghost_metro.scw,,1,,,,sc3d/water_tile_ghost_metro.scw,sc3d/fence_ghost_metro.scw,sc3d/ghost_metro_rope_fence.scw,,sc3d/fence_ghost_metro.scw,sc3d/indestructible_metal_1.scw,,,,,,,,,,,,,,,,sc3d/mine_gem_spawn_ghost_metro.scw,,,,,55,57,112,24,27,57,ghostmetro_spawn_hole,icon_hud_brawl_ball,brawl_ball_goal_red,brawl_ball_goal_blue,heist_safe,,21,33
,,,,,,,,,,,sc3d/rock_ghost_metro.scw,rock_b,90,sc3d/rock_ghost_metro.scw,rock_2b,90,sc3d/crate_mortuary.scw,crate_1b,0,sc3d/barrel_mortuary.scw,barrel_1b,1,,,,,,sc3d/deco_ghost_metro.scw,deco_2,1,,,,sc3d/fragile_ghost_metro_b.scw,,1,,,,,,,,,,,,,,,,,,,,,,,,,,,,,,,,,,,,,,,,,,,
,,,,,,,,,,,sc3d/rock_ghost_metro.scw,rock_c,90,sc3d/rock_ghost_metro.scw,rock_2c,90,sc3d/crate_mortuary.scw,crate_1c,0,sc3d/barrel_mortuary.scw,barrel_1c,1,,,,,,sc3d/deco_ghost_metro.scw,deco_3,1,,,,sc3d/fragile_ghost_metro_c.scw,,1,,,,,,,,,,,,,,,,,,,,,,,,,,,,,,,,,,,,,,,,,,,
,,,,,,,,,,,sc3d/rock_ghost_metro.scw,rock_d,90,sc3d/rock_ghost_metro.scw,rock_2d,90,sc3d/crate_mortuary.scw,crate_1d,0,,,,,,,,,sc3d/deco_ghost_metro.scw,deco_4,1,,,,,,,,,,,,,,,,,,,,,,,,,,,,,,,,,,,,,,,,,,,,,,,,,
,,,,,,,,,,,,,,,,,sc3d/crate_mortuary.scw,crate_1e,0,,,,,,,,,sc3d/deco_ghost_metro.scw,deco_5,1,,,,,,,,,,,,,,,,,,,,,,,,,,,,,,,,,,,,,,,,,,,,,,,,,
CandyStand,,candystand_,sc/events.sc,event_candyland_banner,,Candyland_Ingame,sc3d/bgr_candy_stand_ground.scw,sc3d/bgr_candy_stand.scw,sc3d/bgr_candy_stand_hold.scw,,sc3d/rock_candy_stand.scw,rock_1,0,sc3d/rock_candy_stand.scw,rock_2,0,sc3d/crate_candy_stand.scw,crate_1,90,sc3d/barrel_candy_stand.scw,barrel_1,90,sc3d/candy_stand_lollipop.scw,lollipop_1,1,sc3d/grass_candy_stand.scw,sc3d/grass_candy_stand.scw,sc3d/deco_candy_stand.scw,deco_1,1,,,1,sc3d/fragile_candy_stand.scw,cherry,180,,,,sc3d/water_tile_candy_stand.scw,sc3d/fence_candy_stand.scw,sc3d/candy_stand_rope_fence.scw,,sc3d/fence_candy_stand.scw,sc3d/indestructible_metal_1.scw,,,,,,,,,,,,,,,,sc3d/mine_gem_spawn_candy_stand.scw,,,,,56,125,137,64,122,255,candystand_spawn_hole,icon_hud_brawl_ball,brawl_ball_goal_red,brawl_ball_goal_blue,heist_safe,,21,33
,,,,,,,,,,,,,,,,,,,,,,,,,,,,sc3d/deco_candy_stand.scw,deco_2,1,,,,,,,,,,,,,,,,,,,,,,,,,,,,,,,,,,,,,,,,,,,,,,,,,
,,,,,,,,,,,,,,,,,,,,,,,,,,,,sc3d/deco_candy_stand.scw,deco_3,1,,,,,,,,,,,,,,,,,,,,,,,,,,,,,,,,,,,,,,,,,,,,,,,,,
,,,,,,,,,,,,,,,,,,,,,,,,,,,,sc3d/deco_candy_stand.scw,deco_4,1,,,,,,,,,,,,,,,,,,,,,,,,,,,,,,,,,,,,,,,,,,,,,,,,,
,,,,,,,,,,,,,,,,,,,,,,,,,,,,sc3d/deco_candy_stand.scw,deco_5,1,,,,,,,,,,,,,,,,,,,,,,,,,,,,,,,,,,,,,,,,,,,,,,,,,
,,,,,,,,,,,,,,,,,,,,,,,,,,,,sc3d/deco_candy_stand.scw,deco_6,1,,,,,,,,,,,,,,,,,,,,,,,,,,,,,,,,,,,,,,,,,,,,,,,,,
Hub,,hub_,sc/events.sc,event_hub_banner,,Lounge_Hub_Ingame,sc3d/bgr_hub_ground.scw,sc3d/bgr_hub.scw,,,sc3d/rock_hub.scw,rock_hub,90,sc3d/rock_hub.scw,rock_hub_b,0,sc3d/crate_hub.scw,crate_1,0,sc3d/barrel_hub.scw,barrel_1,1,sc3d/hub_trash_bin.scw,trash_bin,0,sc3d/grass5.scw,sc3d/grass5.scw,sc3d/deco_hub.scw,deco_1,1,,,1,sc3d/fragile_hub.scw,fragile,180,,,,sc3d/water_tile_hub.scw,sc3d/fence_hub.scw,sc3d/hub_rope_fence.scw,,sc3d/fence_hub.scw,sc3d/indestructible_metal_1.scw,,,,,,,,,,,,,,,,sc3d/mine_gem_spawn_hub.scw,,,,,158,85,113,3,8,58,hub_spawn_hole,icon_hud_brawl_ball,brawl_ball_goal_red,brawl_ball_goal_blue,heist_safe,,21,33
,,,,,,,,,,,,,,,,,,,,,,,,,,,,sc3d/deco_hub.scw,deco_2,1,,,,,,,,,,,,,,,,,,,,,,,,,,,,,,,,,,,,,,,,,,,,,,,,,
,,,,,,,,,,,,,,,,,,,,,,,,,,,,sc3d/deco_hub.scw,deco_3,1,,,,,,,,,,,,,,,,,,,,,,,,,,,,,,,,,,,,,,,,,,,,,,,,,
Rooftop,,rooftop_,sc/events.sc,event_basketball_banner,,Brawlcade_Ingame,sc3d/bgr_bbb_rooftop_ground.glb,sc3d/bgr_bbb_rooftop.glb,,,sc3d/rooftop_ventilation.glb,ventilation,180,sc3d/rooftop_flower.glb,flower,0,sc3d/rooftop_chimney.glb,chimney,180,sc3d/rooftop_trash_can.glb,trash_can,1,sc3d/rooftop_solar_panel.glb,solar_panel,180,sc3d/grass7.scw,sc3d/grass7.scw,sc3d/rooftop_deco.glb,shoes,1,,,,sc3d/rooftop_fragile_sign.glb,fragile_sign,1,,,,sc3d/water_tile_retropolis.scw,sc3d/rooftop_fence.glb,sc3d/scrapyard_rope_fence.scw,,sc3d/rooftop_fence.glb,sc3d/indestructible_metal_1.scw,,,,,,,,,,,,,,,,sc3d/mine_gem_spawn_retropolis.scw,,,,,50,44,79,69,136,255,retropolis_spawn_hole,icon_hud_brawl_ball,brawl_ball_goal_red,brawl_ball_goal_blue,heist_safe,,21,33
RumbleJungle,,rumblejungle_,sc/events.sc,event_rumblejungle_banner,,Brawl_Jungle_Ingame,sc3d/bgr_rumble_jungle_ground.glb,sc3d/bgr_rumble_jungle.glb,,,sc3d/rumble_jungle_ruin.glb,ruin_2,0,sc3d/rumble_jungle_ruin.glb,ruin_1,0,sc3d/crate1.scw,crate_1,0,sc3d/barrel1.scw,barrel_1,1,sc3d/rumble_jungle_tree_stump.glb,stump,90,sc3d/grass7.scw,sc3d/grass7.scw,sc3d/deco_rumble_jungle.glb,deco_1,1,,,1,sc3d/rumble_jungle_vase.glb,vase_1,1,,,,sc3d/water_tile_rumble_jungle.scw,sc3d/fence_rumble_jungle.glb,sc3d/rumble_jungle_rope_fence.glb,,sc3d/fence_rumble_jungle.glb,sc3d/indestructible_metal_1.scw,,,,,,,,,,,,,,,,sc3d/mine_gem_spawn_rumble_jungle.glb,,,,,111,77,55,44,143,226,rumblejungle_spawn_hole,icon_hud_brawl_ball,brawl_ball_goal_red,brawl_ball_goal_blue,heist_safe,,21,33
,,,,,,,,,,,sc3d/rumble_jungle_ruin.glb,ruin_3,0,,,,,,,,,,,,,,,sc3d/deco_rumble_jungle.glb,deco_2,1,,,,,,,,,,,,,,,,,,,,,,,,,,,,,,,,,,,,,,,,,,,,,,,,,
,,,,,,,,,,,,,,,,,,,,,,,,,,,,sc3d/deco_rumble_jungle.glb,deco_3,1,,,,,,,,,,,,,,,,,,,,,,,,,,,,,,,,,,,,,,,,,,,,,,,,,
ArcadeShowdown,,arcade_,sc/events.sc,event_arcade_banner,,Brawlcade_Ingame,sc3d/bgr_arcade_showdown_ground.glb,sc3d/bgr_arcade_showdown.glb,,,sc3d/concrete_block.scw,concrete_block,90,sc3d/blocker_arcade.scw,blocker_arcade,0,sc3d/crate2.scw,crate_1,0,sc3d/barrel_arcade.scw,barrel_arcade,1,sc3d/construction_sign.scw,construction_sign,180,sc3d/grass7.scw,sc3d/grass7.scw,sc3d/pothole.scw,pothole,1,,,,sc3d/traffic_cone.scw,traffic_cone,1,,,,sc3d/water_tile_retropolis.scw,sc3d/fence_arcade.scw,sc3d/scrapyard_rope_fence.scw,sc3d/payload_track.scw,sc3d/fence_arcade.scw,sc3d/indestructible_metal_1.scw,,,,,,,,,,,,,,,,sc3d/mine_gem_spawn_retropolis.scw,,,,,50,44,79,69,136,255,retropolis_spawn_hole,icon_hud_brawl_ball,brawl_ball_goal_red,brawl_ball_goal_blue,heist_safe,,21,33
,,,,,,,,,,,,,,,,,,,,,,,,,,,,,,,,,,,,,,,,,,,,,,,,,,,,,,,,,,,,,,,,,,,,,,,,,,,,,,,
StuntShowdown,,stuntshow_,sc/events.sc,event_stuntshow_banner,,Pinstuntbrawl_Ingame,sc3d/bgr_stunt_show_showdown_ground.glb,sc3d/bgr_stunt_show_showdown.glb,,,sc3d/rock_stunt_show.scw,rock_1,0,sc3d/rock_stunt_show.scw,rock_1b,0,sc3d/crate_stunt_show.scw,crate_1,0,sc3d/barrel_stunt_show.scw,barrel_1,72,sc3d/blocking_stunt_show.scw,blocking_1,90,sc3d/grass5.scw,sc3d/grass5.scw,sc3d/stunt_show_deco.scw,deco_screw,1,,,,sc3d/fragile_stunt_show.scw,fragile,0,,,,sc3d/water_tile_retropolis.scw,sc3d/fence_stunt_show.scw,sc3d/stunt_show_rope_fence.scw,,sc3d/fence_stunt_show.scw,sc3d/indestructible_metal_1.scw,,,,,,,,,,,,,,,,sc3d/mine_gem_spawn_stunt_show.scw,,,,,47,44,96,15,24,70,stuntshow_spawn_hole,icon_hud_pinball,brawl_ball_goal_stuntshow_red,brawl_ball_goal_stuntshow_blue,heist_safe,,21,33
,,,,,,,,,,,sc3d/rock_stunt_show.scw,rock_1_2,0,sc3d/rock_stunt_show.scw,rock_1b_2,0,,,,,,,,,,,,,,,,,,,,,,,,,,,,,,,,,,,,,,,,,,,,,,,,,,,,,,,,,,,,,,,
,,,,,,,,,,,sc3d/rock_stunt_show.scw,rock_1_3,0,sc3d/rock_stunt_show.scw,rock_1b_3,0,,,,,,,,,,,,,,,,,,,,,,,,,,,,,,,,,,,,,,,,,,,,,,,,,,,,,,,,,,,,,,,
StuntShowVolley,,stuntshow_,sc/events.sc,event_stuntshow_banner,,Pinstuntbrawl_Ingame,sc3d/bgr_stunt_show_ground_volley.scw,sc3d/bgr_stunt_show.scw+sc3d/bgr_stunt_show_decos_bb.scw+sc3d/bgr_stunt_show_decos_volley.scw,,,sc3d/rock_stunt_show.scw,rock_1,0,sc3d/rock_stunt_show.scw,rock_1b,0,sc3d/crate_stunt_show.scw,crate_1,0,sc3d/barrel_stunt_show.scw,barrel_1,72,sc3d/blocking_stunt_show_bb.scw,,90,sc3d/grass5.scw,sc3d/grass5.scw,sc3d/stunt_show_deco.scw,deco_screw,1,,,,sc3d/fragile_stunt_show.scw,fragile,0,,,,sc3d/water_tile_retropolis.scw,sc3d/fence_stunt_show.scw,sc3d/stunt_show_rope_fence.scw,,sc3d/fence_stunt_show.scw,sc3d/indestructible_metal_1.scw,,,,,,,,,,,,,,,BallPinball,sc3d/mine_gem_spawn_stunt_show.scw,,,,,47,44,96,15,24,70,stuntshow_spawn_hole,icon_hud_pinball,brawl_ball_goal_stuntshow_red,brawl_ball_goal_stuntshow_blue,heist_safe,,21,33
,,,,,,,,,,,sc3d/rock_stunt_show.scw,rock_1_2,0,sc3d/rock_stunt_show.scw,rock_1b_2,0,,,,,,,,,,,,,,,,,,,,,,,,,,,,,,,,,,,,,,,,,,,,,,,,,,,,,,,,,,,,,,,
,,,,,,,,,,,sc3d/rock_stunt_show.scw,rock_1_3,0,sc3d/rock_stunt_show.scw,rock_1b_3,0,,,,,,,,,,,,,,,,,,,,,,,,,,,,,,,,,,,,,,,,,,,,,,,,,,,,,,,,,,,,,,,
EnchantedForest,,enchantedforest_,sc/events.sc,event_enchanted_banner,,Brawl_Enchanted_Forest_Ingame,sc3d/bgr_enchanted_forest_ground.glb,sc3d/bgr_enchanted_forest.glb,,,sc3d/rock_enchanted_forest.glb,rock_1,90,sc3d/rock_enchanted_forest.glb,rock_2,90,sc3d/crate_mortuary.scw,crate_1,0,sc3d/barrel_mortuary.scw,barrel_1,1,sc3d/mushroom_enchanted_forest.glb,mushroom_1,90,sc3d/grass_enchanted_forest.scw,sc3d/grass_enchanted_forest.scw,sc3d/deco_enchanted_forest.glb,deco_1,1,,,1,sc3d/fragile_enchanted_forest.glb,fragile,1,,,,sc3d/water_tile_enchanted_forest.scw,sc3d/fence_enchanted_forest.glb,sc3d/enchanted_forest_rope_fence.glb,,sc3d/fence_enchanted_forest.glb,sc3d/indestructible_metal_1.scw,,,,,,,,,,,,,,,,sc3d/mine_gem_spawn_enchanted_forest.glb,,,,,129,31,55,24,27,57,enchantedforest_spawn_hole,icon_hud_brawl_ball,brawl_ball_goal_red,brawl_ball_goal_blue,heist_safe,,21,33
,,,,,,,,,,,sc3d/rock_enchanted_forest.glb,rock_1b,90,sc3d/rock_enchanted_forest.glb,rock_2b,90,,,,,,,sc3d/mushroom_enchanted_forest.glb,mushroom_1b,90,,,sc3d/deco_enchanted_forest.glb,deco_2,1,,,,,,,,,,,,,,,,,,,,,,,,,,,,,,,,,,,,,,,,,,,,,,,,,
,,,,,,,,,,,sc3d/rock_enchanted_forest.glb,rock_1c,90,sc3d/rock_enchanted_forest.glb,rock_2c,90,,,,,,,sc3d/mushroom_enchanted_forest.glb,mushroom_1c,90,,,sc3d/deco_enchanted_forest.glb,deco_3,1,,,,,,,,,,,,,,,,,,,,,,,,,,,,,,,,,,,,,,,,,,,,,,,,,
,,,,,,,,,,,sc3d/rock_enchanted_forest.glb,rock_1d,90,sc3d/rock_enchanted_forest.glb,rock_2d,90,,,,,,,,,,,,sc3d/deco_enchanted_forest.glb,deco_4,1,,,,,,,,,,,,,,,,,,,,,,,,,,,,,,,,,,,,,,,,,,,,,,,,,
,,,,,,,,,,,sc3d/rock_enchanted_forest.glb,rock_1e,90,sc3d/rock_enchanted_forest.glb,rock_1e,90,,,,,,,,,,,,,,,,,,,,,,,,,,,,,,,,,,,,,,,,,,,,,,,,,,,,,,,,,,,,,,,
,,,,,,,,,,,sc3d/rock_enchanted_forest.glb,rock_1f,90,sc3d/rock_enchanted_forest.glb,rock_1f,90,,,,,,,,,,,,,,,,,,,,,,,,,,,,,,,,,,,,,,,,,,,,,,,,,,,,,,,,,,,,,,,
,,,,,,,,,,,sc3d/rock_enchanted_forest.glb,rock_1g,90,sc3d/rock_enchanted_forest.glb,rock_1g,90,,,,,,,,,,,,,,,,,,,,,,,,,,,,,,,,,,,,,,,,,,,,,,,,,,,,,,,,,,,,,,,
RangerRanch,,rangerranch_,sc/events.sc,event_rangerranch_banner,,Wasteland_Ingame,sc3d/bgr_ranger_ranch_ground.glb,sc3d/bgr_ranger_ranch.glb,,,sc3d/ranger_ranch_hay.glb,hay,1,sc3d/ranger_ranch_rock.glb,rock,90,sc3d/ranger_ranch_fireplace.glb,fireplace,0,sc3d/ranger_ranch_barrel.glb,barrel_1,1,sc3d/ranger_ranch_target.glb,target,0,sc3d/grass3.scw,sc3d/grass3.scw,sc3d/ranger_ranch_deco.glb,horseshoe,1,,,,sc3d/ranger_ranch_fragile_lantern.glb,lantern,1,,,,sc3d/water_tile.scw,sc3d/ranger_ranch_fence.glb,sc3d/ranger_ranch_rope_fence.glb,,sc3d/ranger_ranch_fence.glb,sc3d/indestructible_metal_1.scw,,,,,,,,,,,,,,,,,,,,,249,166,117,69,136,255,spawn_hole,icon_hud_brawl_ball,brawl_ball_goal_red,brawl_ball_goal_blue,heist_safe,,21,33
BizarreCircus,,bizarrecircus_,sc/events.sc,event_circus_banner,,Circus_Ingame,sc3d/bgr_bizarre_circus_ground.glb,sc3d/bgr_bizarre_circus.glb+sc3d/bgr_bizarre_circus_skinned.glb,,,sc3d/bizarre_circus_rock.glb,rock_1,90,sc3d/bizarre_circus_rock.glb,rock_2,90,sc3d/bizarre_circus_dice.glb,dice_1,90,sc3d/bizarre_circus_barrel.glb,barrel_1,1,sc3d/bizarre_circus_pin.glb,pin,0,sc3d/grass5.scw,sc3d/grass5.scw,sc3d/bizarre_circus_deco.glb,deco_1,1,,,1,sc3d/bizarre_circus_fragile.glb,,0,,,,sc3d/bizarre_circus_water_tile.glb,sc3d/bizarre_circus_fence.glb,sc3d/bizarre_circus_rope_fence.glb,,sc3d/bizarre_circus_fence.glb,sc3d/indestructible_metal_1.scw,,,,,,,,,,,,,,,,sc3d/bizarre_circus_mine_gem_spawn.glb,,,,,82,21,83,5,8,36,bizarrecircus_spawn_hole,icon_hud_brawl_ball,brawl_ball_goal_red,brawl_ball_goal_blue,heist_safe,,21,33
,,,,,,,,,,,,,,,,,sc3d/bizarre_circus_dice.glb,dice_2,90,,,,,,,,,sc3d/bizarre_circus_deco.glb,deco_2,1,,,,,,,,,,,,,,,,,,,,,,,,,,,,,,,,,,,,,,,,,,,,,,,,,
,,,,,,,,,,,,,,,,,sc3d/bizarre_circus_dice.glb,dice_3,90,,,,,,,,,sc3d/bizarre_circus_deco.glb,deco_3,1,,,,,,,,,,,,,,,,,,,,,,,,,,,,,,,,,,,,,,,,,,,,,,,,,
,,,,,,,,,,,,,,,,,sc3d/bizarre_circus_dice.glb,dice_4,90,,,,,,,,,sc3d/bizarre_circus_deco.glb,deco_4,1,,,,,,,,,,,,,,,,,,,,,,,,,,,,,,,,,,,,,,,,,,,,,,,,,
,,,,,,,,,,,,,,,,,sc3d/bizarre_circus_dice.glb,dice_5,90,,,,,,,,,,,,,,,,,,,,,,,,,,,,,,,,,,,,,,,,,,,,,,,,,,,,,,,,,,,,
,,,,,,,,,,,,,,,,,sc3d/bizarre_circus_dice.glb,dice_6,90,,,,,,,,,,,,,,,,,,,,,,,,,,,,,,,,,,,,,,,,,,,,,,,,,,,,,,,,,,,,
CoinFactory,,coinfactory_,sc/events.sc,event_piggy_banner,,Piggybank_Ingame,sc3d/bgr_coin_factory_ground.glb,sc3d/bgr_coin_factory.glb,sc3d/bgr_coin_factory_hold.glb,,sc3d/coin_factory_rock.glb,rock_1,90,sc3d/coin_factory_blocking2.glb,rock_2,90,sc3d/coin_factory_crate.glb,crate_1,90,sc3d/coin_factory_barrel.glb,barrel_1,0,sc3d/coin_factory_green.glb,plant,0,sc3d/grass3.scw,sc3d/grass3.scw,sc3d/coin_factory_deco.glb,deco_1,1,,,1,sc3d/coin_factory_fragile.glb,fragile,0,,,,sc3d/coin_factory_water_tile.glb,sc3d/coin_factory_fence.glb,sc3d/coin_factory_rope_fence.glb,,sc3d/coin_factory_fence.glb,sc3d/indestructible_metal_1.scw,,,,,,,,,,,,,,,,sc3d/coin_factory_mine_gem_spawn.glb,,,,,127,53,83,25,25,50,coinfactory_spawn_hole,icon_hud_brawl_ball,brawl_ball_goal_football_red,brawl_ball_goal_football_blue,heist_safe,,21,33
,,,,,,,,,,,,,,,,,,,,,,,,,,,,sc3d/coin_factory_deco.glb,deco_2,1,,,,,,,,,,,,,,,,,,,,,,,,,,,,,,,,,,,,,,,,,,,,,,,,,
,,,,,,,,,,,,,,,,,,,,,,,,,,,,sc3d/coin_factory_deco.glb,deco_3,1,,,,,,,,,,,,,,,,,,,,,,,,,,,,,,,,,,,,,,,,,,,,,,,,,
CoinFactoryBB,,coinfactory_,sc/events.sc,event_piggy_banner,,Piggybank_Ingame,sc3d/bgr_coin_factory_ground_bb.glb,sc3d/bgr_coin_factory.glb+sc3d/bgr_coin_factory_decos_bb.glb,sc3d/bgr_coin_factory_hold.glb,,sc3d/coin_factory_rock.glb,rock_1,90,sc3d/coin_factory_blocking2.glb,rock_2,90,sc3d/coin_factory_crate.glb,crate_1,90,sc3d/coin_factory_barrel.glb,barrel_1,0,sc3d/coin_factory_green.glb,plant,0,sc3d/grass3.scw,sc3d/grass3.scw,sc3d/coin_factory_deco.glb,deco_1,1,,,1,sc3d/coin_factory_fragile.glb,fragile,0,,,,sc3d/coin_factory_water_tile.glb,sc3d/coin_factory_fence.glb,sc3d/coin_factory_rope_fence.glb,,sc3d/coin_factory_fence.glb,sc3d/indestructible_metal_1.scw,,,,,,,,,,,,,,,,sc3d/coin_factory_mine_gem_spawn.glb,,,,,127,53,83,25,25,50,coinfactory_spawn_hole,icon_hud_brawl_ball,brawl_ball_goal_football_red,brawl_ball_goal_football_blue,heist_safe,,21,33
,,,,,,,,,,,,,,,,,,,,,,,,,,,,sc3d/coin_factory_deco.glb,deco_2,1,,,,,,,,,,,,,,,,,,,,,,,,,,,,,,,,,,,,,,,,,,,,,,,,,
,,,,,,,,,,,,,,,,,,,,,,,,,,,,sc3d/coin_factory_deco.glb,deco_3,1,,,,,,,,,,,,,,,,,,,,,,,,,,,,,,,,,,,,,,,,,,,,,,,,,
IceIslandShowdownBB,,iceisland_,sc/events.sc,event_frozen_banner,TRUE,Snow_brawl,sc3d/bgr_ice_island_bbb_ground.glb,sc3d/bgr_ice_island_bbb.glb,,,sc3d/ice_island_rock.glb,rock_a,30,sc3d/ice_island_tree.glb,tree_a,1,sc3d/ice_island_crate.glb,crate_a,0,sc3d/ice_island_barrel.glb,barrel_a,1,sc3d/ice_island_snowman.glb,snowman_a,0,sc3d/ice_island_grass.glb,sc3d/ice_island_grass.glb,sc3d/ice_island_deco_plant.glb,,1,,,,sc3d/ice_island_fragile.glb,fragile,0,,,,sc3d/ice_island_water_tile.glb,sc3d/ice_island_fence.glb,sc3d/canyon_rope_fence.scw,sc3d/payload_track.scw,sc3d/ice_island_indestructible_fence.glb,sc3d/indestructible_metal_1.scw,,sc3d/ice_island_prop_tree_fir.glb,tree_fir_a,1,sc3d/ice_island_prop_rock.glb,rock_a,90,sc3d/ice_island_prop_ice_floe.glb,,1,sc3d/ice_island_prop_igloo.glb,,0,,,sc3d/ice_island_gem_spawn.glb,,,,,47,62,99,24,138,186,spawn_hole,icon_hud_brawl_ball,brawl_ball_goal_red_5v5,brawl_ball_goal_blue_5v5,heist_safe,,60,60
,,,,,,,,,,,sc3d/ice_island_rock.glb,rock_b,30,sc3d/ice_island_tree.glb,tree_b,1,sc3d/ice_island_crate.glb,crate_b,0,sc3d/ice_island_barrel.glb,barrel_b,1,sc3d/ice_island_snowman.glb,snowman_b,0,,,,,,,,,,,,,,,,,,,,,,sc3d/ice_island_prop_tree_fir.glb,tree_fir_b,1,sc3d/ice_island_prop_rock.glb,rock_b,90,sc3d/ice_island_prop_ice_floe_2.glb,,1,,,,,,,,,,,,,,,,,,,,,,,,
,,,,,,,,,,,,,,sc3d/ice_island_tree.glb,tree_c,1,sc3d/ice_island_crate.glb,crate_c,0,sc3d/ice_island_barrel.glb,barrel_c,1,,,,,,,,,,,,,,,,,,,,,,,,,sc3d/ice_island_prop_tree_fir.glb,tree_fir_c,1,sc3d/ice_island_prop_rock.glb,rock_c,90,sc3d/ice_island_prop_ice_floe_3.glb,,1,,,,,,,,,,,,,,,,,,,,,,,,
,,,,,,,,,,,,,,,,,sc3d/ice_island_crate.glb,crate_d,0,,,,,,,,,,,,,,,,,,,,,,,,,,,,sc3d/ice_island_prop_tree_fir.glb,tree_fir_d,1,sc3d/ice_island_prop_rock.glb,rock_d,90,sc3d/ice_island_prop_ice_floe_4.glb,,1,,,,,,,,,,,,,,,,,,,,,,,,
IceIslandShowdown,,iceisland_,sc/events.sc,event_frozen_banner,TRUE,Snow_brawl,sc3d/bgr_ice_island_ground.glb,sc3d/bgr_ice_island.glb,,,sc3d/ice_island_rock.glb,rock_a,30,sc3d/ice_island_tree.glb,tree_a,1,sc3d/ice_island_crate.glb,crate_a,0,sc3d/ice_island_barrel.glb,barrel_a,1,sc3d/ice_island_snowman.glb,snowman_a,0,sc3d/ice_island_grass.glb,sc3d/ice_island_grass.glb,sc3d/ice_island_deco_plant.glb,,1,,,,sc3d/ice_island_fragile.glb,fragile,0,,,,sc3d/ice_island_water_tile.glb,sc3d/ice_island_fence.glb,sc3d/ice_island_rope_fence.glb,sc3d/payload_track.scw,sc3d/ice_island_indestructible_fence.glb,sc3d/indestructible_metal_1.scw,,sc3d/ice_island_prop_tree_fir.glb,tree_fir_a,1,sc3d/ice_island_prop_rock.glb,rock_a,90,sc3d/ice_island_prop_ice_floe.glb,,1,sc3d/ice_island_prop_igloo.glb,,0,,,sc3d/ice_island_gem_spawn.glb,,,,,47,62,99,24,138,186,iceisland_spawn_hole,icon_hud_brawl_ball,brawl_ball_goal_red_5v5,brawl_ball_goal_blue_5v5,heist_safe,,60,60
,,,,,,,,,,,sc3d/ice_island_rock.glb,rock_b,30,sc3d/ice_island_tree.glb,tree_b,1,sc3d/ice_island_crate.glb,crate_b,0,sc3d/ice_island_barrel.glb,barrel_b,1,sc3d/ice_island_snowman.glb,snowman_b,0,,,,,,,,,,,,,,,,,,,,,,sc3d/ice_island_prop_tree_fir.glb,tree_fir_b,1,sc3d/ice_island_prop_rock.glb,rock_b,90,sc3d/ice_island_prop_ice_floe_2.glb,,1,,,,,,,,,,,,,,,,,,,,,,,,
,,,,,,,,,,,,,,sc3d/ice_island_tree.glb,tree_c,1,sc3d/ice_island_crate.glb,crate_c,0,sc3d/ice_island_barrel.glb,barrel_c,1,,,,,,,,,,,,,,,,,,,,,,,,,sc3d/ice_island_prop_tree_fir.glb,tree_fir_c,1,sc3d/ice_island_prop_rock.glb,rock_c,90,sc3d/ice_island_prop_ice_floe_3.glb,,1,,,,,,,,,,,,,,,,,,,,,,,,
,,,,,,,,,,,,,,,,,sc3d/ice_island_crate.glb,crate_d,0,,,,,,,,,,,,,,,,,,,,,,,,,,,,sc3d/ice_island_prop_tree_fir.glb,tree_fir_d,1,sc3d/ice_island_prop_rock.glb,rock_d,90,sc3d/ice_island_prop_ice_floe_4.glb,,1,,,,,,,,,,,,,,,,,,,,,,,,
StarrToonsStudio,,starrtoons_,sc/events.sc,event_cartoon_banner,,Brawly_Toonz_Ingame,sc3d/bgr_starr_toons_studio_ground.glb,sc3d/bgr_starr_toons_studio.glb,,,sc3d/starr_toons_studio_rock.glb,rock_1,180,sc3d/starr_toons_studio_blocking2.glb,rock_2,180,sc3d/starr_toons_studio_crate.glb,crate_1,90,sc3d/starr_toons_studio_barrel.glb,barrel_1,180,sc3d/starr_toons_studio_green.glb,plant,0,sc3d/starr_toons_studio_grass.glb,sc3d/starr_toons_studio_grass.glb,sc3d/starr_toons_studio_deco.glb,deco_1,1,,,1,sc3d/starr_toons_studio_fragile.glb,fragile,1,,,,sc3d/starr_toons_studio_water_tile.glb,sc3d/starr_toons_studio_fence.glb,sc3d/starr_toons_studio_rope_fence.glb,,sc3d/indestructible_metal_1.scw,sc3d/indestructible_metal_1.scw,,,,,,,,,,,,,,,,sc3d/starr_toons_studio_mine_gem_spawn.glb,,,,,56,125,137,64,122,255,starrtoons_spawn_hole,icon_hud_brawl_ball,brawl_ball_goal_red,brawl_ball_goal_blue,heist_safe,,21,33
,,,,,,,,,,,,,,,,,,,,,,,,,,,,sc3d/starr_toons_studio_deco.glb,deco_2,1,,,,,,,,,,,,,,,,,,,,,,,,,,,,,,,,,,,,,,,,,,,,,,,,,
,,,,,,,,,,,,,,,,,,,,,,,,,,,,sc3d/starr_toons_studio_deco.glb,deco_3,1,,,,,,,,,,,,,,,,,,,,,,,,,,,,,,,,,,,,,,,,,,,,,,,,,
