"Name","ColorCode","Gradient","RequiredTotalTrophies","RequiredSeasonPoints","RequiredHero","SortOrder","ColorGradient"
"String","String","String","int","int","String","int","String"
"default","0xffffffff","DefaultName",,,,0,
1,"0xff4ddba2","Name1",,,,2,
2,"0xffffce89","Name2",,,,7,
3,"0xfff9c908","Name3",,,,6,
4,"0xffff9727","Name4",,,,3,
5,"0xfff9775d","Name5",,,,4,
6,"0xfff05637","Name6",,,,5,
7,"0xffff8afb","Name7",,,,10,
8,"0xffa2e3fe","Name8",,,,1,
9,"0xff1ba5f5","Name9",,,,9,
10,"0xffcb5aff","Name10",,,,11,
11,"0xffa8e132","Name11",,,,8,
